"Date (MM/DD/YYYY)","Category","Amount","Note"
"07/19/2019","Clothes","-134.0"," jacket Jack Wolfskin 55, Jeens cars new 36, chinos jeens 24, black pants by job 19."
"07/18/2019","Food","-14.58",""
"07/17/2019","Food","-10.24",""
"07/15/2019","Income","780.0","ower zrpl 15's July"
"07/15/2019","Food","-20.08",""
"07/14/2019","Food","-20.0","parfume BVLGARY wood essence"
"07/14/2019","Food","-1.31",""
"07/14/2019","Defence","-12.9","two big balls for boxing"
"07/14/2019","Consumables","-32.0","trimmer in ebay"
"07/13/2019","Food","-7.95",""
"07/13/2019","Bills","-3.29","gaz"
"07/13/2019","Bills","-34.85","kvrtpl in Rgch"
"07/12/2019","Food","-22.35",""
"07/10/2019","Food","-16.74",""
"07/08/2019","Food","-20.25",""
"07/07/2019","Fun","-10.0","Botanika Kupalle"
"07/05/2019","Food","-10.01",""
"07/04/2019","Food","-4.95",""
"07/03/2019","Food","-12.56",""
"07/03/2019","Consumables","-4.98","two zajigalka cricket"
"07/02/2019","Food","-12.46",""
"07/01/2019","Consumables","-9.76","soap Duru 8 pcs, window cleaner"
"07/01/2019","Food","-22.23",""
"06/30/2019","Income","304.0",""
"06/30/2019","Income","610.0",""
"06/30/2019","Bills","-165.0","Tatian's kvplt for July"
"06/30/2019","Bills","-1.0","internet bezlimit na shake 098"
"06/29/2019","Defence","-15.44","case for aamsung"
"06/29/2019","Work","-126.8","Samsung Galaxy A 50 first pay"
"06/27/2019","Food","-25.18",""
"06/26/2019","Consumables","-27.0","Bus card in July"
"06/26/2019","Consumables","-3.8","Strijka"
"06/25/2019","Income","200.0","kusok zrplt"
"06/24/2019","Food","-18.61",""
"06/21/2019","Food","-26.97",""
"06/19/2019","Income","156.0","avanseg"
"06/19/2019","Food","-13.22",""
"06/17/2019","Food","-11.36",""
"06/15/2019","Food","-19.68",""
"06/15/2019","Fun","-20.0","aqua di gio turkish fake"
"06/15/2019","Clothes","-52.0","jeans and polo shirt in second hand zebra"
"06/15/2019","Food","-7.56",""
"06/14/2019","Clothes","-30.0","I win in ebay aukcion about man trusers."
"06/14/2019","Med","-677.07","implant MegaGen"
"06/14/2019","Food","-15.56",""
"06/14/2019","Food","-4.69",""
"06/13/2019","Clothes","-30.0","shoulder bag in job, I don't know, it is expensive"
"06/13/2019","Bills","-29.95","kvrtplta in Rgchov"
"06/13/2019","Bills","-3.29","Gaz "
"06/12/2019","Med","-13.28","0.5 litre Listerin, toilet paper"
"06/12/2019","Food","-11.21",""
"06/12/2019","Food","-9.72",""
"06/12/2019","Med","-22.71","photo teeth in Zubnaja feja"
"06/10/2019","Food","-1.64","container for piss"
"06/10/2019","Med","-120.7","Sinevo(Sin evolution?) AIDS, SIFILIS, DIABET, GEPATIT C , ALL BLOOD TEST, AND MORE."
"06/10/2019","Clothes","-17.9","second gray velvet pants"
"06/10/2019","Clothes","-8.5"," boxers mark formel"
"06/10/2019","Food","-8.72",""
"06/07/2019","Food","-2.83",""
"06/06/2019","Food","-13.36",""
"06/06/2019","Med","-4.37","kora duba and kamfora etanol"
"06/06/2019","Food","-12.83",""
"06/04/2019","Food","-16.66",""
"06/02/2019","Food","-17.99",""
"05/31/2019","Clothes","-17.5","Fila sport jacket in zebra second hand"
"05/29/2019","Consumables","-20.0","Life internet "
"05/29/2019","Food","-18.15",""
"05/29/2019","Food","-3.14",""
"05/28/2019","Food","-4.33",""
"05/27/2019","Income","600.0","zrpl ower"
"05/26/2019","Food","-13.04",""
"05/26/2019","Consumables","-27.0","Bus card in June"
"05/26/2019","Food","-2.74","arachis and gvozdica in place Kazintsa"
"05/26/2019","Food","-0.6","red pepper in place Kazintsa"
"05/26/2019","Food","-0.43","areshki 30g"
"05/24/2019","Consumables","-165.0","Tayanas June"
"05/24/2019","Food","-25.36",""
"05/24/2019","Consumables","-4.99","soap duru and arachis in sosedy"
"05/24/2019","Food","-5.04",""
"05/23/2019","Food","-3.63",""
"05/23/2019","Food","-6.47",""
"05/23/2019","Income","486.0","kusok"
"05/22/2019","Food","-3.58",""
"05/22/2019","Consumables","-2.63","damabic crem shoe"
"05/22/2019","Med","-5.99","Lacalut fluor"
"05/22/2019","Food","-2.1",""
"05/21/2019","Food","-11.83",""
"05/21/2019","Income","194.0","avanseg"
"05/18/2019","Food","-29.94",""
"05/17/2019","Food","-15.56",""
"05/16/2019","Food","-7.93",""
"05/14/2019","Food","-13.07",""
"05/13/2019","Bills","-42.06","kvrtplt in Rgch"
"05/13/2019","Bills","-3.29","gaz in Rgch"
"05/12/2019","Food","-1.79","nuts 200g in Ostrov Chistoty"
"05/12/2019","Food","-10.56",""
"05/12/2019","Med","-2.66","2 bottle yod"
"05/11/2019","Food","-42.65",""
"05/08/2019","Food","-32.99",""
"05/04/2019","Food","-9.62",""
"05/03/2019","Food","-9.21",""
"05/02/2019","Food","-22.89",""
"05/01/2019","Consumables","-27.0","Bus card in May"
"04/29/2019","Food","-34.99",""
"04/29/2019","Food","-3.21",""
"04/27/2019","Bills","-165.0","Tatiana's pay for May"
"04/27/2019","Bills","-20.0","Life internet in May"
"04/25/2019","Income","285.0","3-th edge"
"04/23/2019","Food","-36.39",""
"04/23/2019","Food","-3.14","kolbaska u Ashota v larke"
"04/22/2019","Income","315.0","zrpl part two"
"04/22/2019","Clothes","-100.0","Asics Gel from Vasia"
"04/15/2019","Income","550.0","Avanseg"
"04/14/2019","Bills","-52.01","komunalka in Rgch"
"04/14/2019","Bills","-3.29","Gaz in Rgch"
"04/13/2019","Consumables","-1.2","Spanbond in Krasnov 2.5√ó3"
"04/12/2019","Food","-14.86",""
"04/12/2019","Food","-3.04",""
"04/11/2019","Clothes","-2.16","2 pairs socks in post-office"
"04/11/2019","Consumables","-2.71","kerosin"
"04/06/2019","Clothes","-24.8","Buy ecobag in stranamasterov.by"
"04/02/2019","Food","-29.28",""
"04/02/2019","Food","-2.83",""
"04/01/2019","Food","-31.55",""
"04/01/2019","Med","-20.68","Artemissia and Vodar Viasni/Leta/Voseni"
"04/01/2019","Consumables","-5.59","Soap Duru in Ostrov Chistoty"
"03/29/2019","Consumables","-27.0","bus card in April"
"03/29/2019","Food","-27.69",""
"03/29/2019","Food","-24.45",""
"03/29/2019","Food","-13.46",""
"03/29/2019","Consumables","-20.0","traffic in April"
"03/29/2019","Food","-15.63",""
"03/27/2019","Clothes","-155.79","shoes in ebay"
"03/24/2019","Bills","-165.0","kvrtplt Tatiana's fot April"
"03/22/2019","Food","-19.01",""
"03/22/2019","Income","1030.0","zrplatka."
"03/21/2019","Food","-32.64",""
"03/21/2019","Food","-23.93",""
"03/18/2019","Income","200.0","avanseg"
"03/15/2019","Food","-31.78",""
"03/13/2019","Bills","-49.12","kvrtplata "
"03/13/2019","Bills","-3.29","gaz rgch"
"03/12/2019","Food","-21.85",""
"03/09/2019","Food","-25.63",""
"03/07/2019","Food","-25.34",""
"03/07/2019","Consumables","-8.94","shampoo, pena dzelya galennya"
"03/05/2019","Food","-8.11",""
"03/04/2019","Food","-26.51",""
"03/01/2019","Food","-20.12",""
"02/28/2019","Income","310.0","1March first edge for Jan"
"02/28/2019","Food","-30.78",""
"02/28/2019","Food","-14.87",""
"02/28/2019","Food","-16.7",""
"02/28/2019","Food","-12.62",""
"02/28/2019","Food","-18.27",""
"02/28/2019","Food","-12.06",""
"02/28/2019","Consumables","-27.0","Bus card in March"
"02/28/2019","Food","-5.21",""
"02/24/2019","Bills","-165.0","Tatiana's for March"
"02/23/2019","Food","-15.14",""
"02/16/2019","Consumables","-8.8","oral-b floss 50m, clean gel Comet."
"02/16/2019","Food","-4.29",""
"02/16/2019","Food","-24.34",""
"02/16/2019","Med","-12.75","iod, lacalut 75ml, grass tea, chlorgecsidin"
"02/16/2019","Food","-18.74",""
"02/16/2019","Consumables","-11.53","Clean gel sanfor, parfume Casa Monstra."
"02/13/2019","Bills","-58.11","Home bill in Rgch"
"02/12/2019","Food","-2.29","bulki belashi"
"02/11/2019","Bills","-3.29","Gaz in Rgch"
"02/10/2019","Food","-20.5",""
"02/10/2019","Food","-18.94",""
"02/10/2019","Food","-22.27",""
"02/10/2019","Food","-26.01",""
"02/10/2019","Med","-13.05","Creme belita"
"02/10/2019","Food","-11.24",""
"02/10/2019","Food","-31.9",""
"02/10/2019","Food","-18.22",""
"02/10/2019","Food","-3.0","Bialyashiki"
"02/04/2019","Fun","-2.0","aux 3.5 mm more"
"02/02/2019","Fun","-2.0","AUX 3.5 mm"
"01/31/2019","Food","-11.94",""
"01/31/2019","Consumables","-27.0","Bus Card in Febuary"
"01/30/2019","Food","-18.67",""
"01/30/2019","Food","-16.82",""
"01/30/2019","Food","-26.01",""
"01/30/2019","Food","-13.68",""
"01/30/2019","Food","-34.41",""
"01/30/2019","Consumables","-9.77","–¢-papper, trash pockets"
"01/28/2019","Bills","-20.0","Life internet Febuery"
"01/26/2019","Consumables","-43.0","Earphones $5, Hair machine $15."
"01/24/2019","Bills","-165.0","Tatiana's pay in Febuery"
"01/22/2019","Med","-52.99","Big plomb right-down"
"01/20/2019","Med","-86.96","Revival up koronka"
"01/18/2019","Food","-9.51",""
"01/18/2019","Food","-20.87",""
"01/18/2019","Food","-12.52",""
"01/18/2019","Food","-1.34","An apples"
"01/18/2019","Med","-6.42","Listerine Total care"
"01/14/2019","Bills","-54.79","Rgch apartments pay in Dec"
"01/10/2019","Bills","-2.62","Propan Ragachou behind Dec"
"01/09/2019","Food","-25.38",""
"01/09/2019","Food","-26.29",""
"01/09/2019","Food","-28.44",""
"01/09/2019","Food","-25.16",""
"01/09/2019","Food","-24.84",""
"01/08/2019","Med","-150.43","plmb work 4 chanels in teeth"
"01/03/2019","Med","-172.9","teeth chanels first day"
"12/30/2018","Food","-25.48",""
"12/28/2018","Consumables","-27.0","Bus Card in January"
"12/28/2018","Food","-29.18",""
"12/28/2018","Food","-23.62",""
"12/28/2018","Bills","-18.0","Internet Life in January"
"12/26/2018","Med","-54.8","Teeth 7 pain alert, first stage"
"12/25/2018","Bills","-165.0","Pay for Tatiana in January"
"12/25/2018","Food","-20.53",""
"12/25/2018","Food","-28.66",""
"12/25/2018","Food","-28.05",""
"12/25/2018","Food","-16.33",""
"12/25/2018","Consumables","-13.74","Soap, washing Mara 2kg, shampoo."
"12/25/2018","Food","-12.27",""
"12/25/2018","Food","-15.74",""
"12/22/2018","Med","-51.2","4 stage stomatolgy, one plomb 7 teeth number."
"12/22/2018","Consumables","-3.0","5 bus tickets"
"12/19/2018","Med","-153.12","3  stage stomatology"
"12/18/2018","Food","-244.2","2 stage stomatologia"
"12/18/2018","Consumables","-2.4","4 bus tikets"
"12/14/2018","Food","-26.02",""
"12/14/2018","Med","-4.42","2 pack Artemisia"
"12/14/2018","Med","-6.42","dental floss in Ostrov Chistoty"
"12/14/2018","Med","-15.17","teeth dental floss, parfum Consul in oz.by"
"12/14/2018","Consumables","-1.49","T-papper"
"12/14/2018","Food","-19.69",""
"12/14/2018","Consumables","-0.78","2gel pen stic"
"12/14/2018","Fun","-32.38","parfume 10 Avenue "
"12/12/2018","Med","-53.51","toothbrush Oral-B, Lacalut fluor, Listerine"
"12/12/2018","Med","-109.11","First stage in teeth recovery."
"12/11/2018","Bills","-47.94","Rogachev's home"
"12/11/2018","Food","-25.57",""
"12/11/2018","Food","-14.67",""
"12/09/2018","Bills","-2.67","propan for November, date in 7/12/2018"
"12/05/2018","Food","-15.73",""
"12/05/2018","Med","-4.84","Deviasil roots, Hydrogen peroxide"
"12/05/2018","Food","-10.69",""
"12/05/2018","Food","-23.92",""
"12/05/2018","Food","-28.85",""
"12/05/2018","Food","-19.12",""
"12/05/2018","Food","-11.79",""
"11/27/2018","Food","-4.19",""
"11/27/2018","Med","-33.6","Parfume Atlantica Taboo"
"11/26/2018","Food","-12.96",""
"11/26/2018","Food","-5.99","Coffee"
"11/24/2018","Income","85.0","29/11 ???"
"11/24/2018","Med","-6.3","devyasil and tallons bus"
"11/24/2018","Food","-30.25",""
"11/24/2018","Food","-27.49",""
"11/24/2018","Food","-17.94",""
"11/24/2018","Food","-13.01",""
"11/24/2018","Food","-15.28",""
"11/24/2018","Food","-17.37",""
"11/24/2018","Food","-20.26",""
"11/24/2018","Food","-27.02",""
"11/24/2018","Food","-23.6",""
"11/24/2018","Food","-11.39",""
"11/24/2018","Food","-8.34",""
"11/24/2018","Food","-15.86",""
"11/22/2018","Bills","-165.0","–¢–∞—Ç—å—è–Ω–µ –∑–∞ –î–µ–∫–∞–±—Ä—å."
"11/15/2018","Income","115.0","In those two ower jobday"
"11/12/2018","Bills","-45.13","Rogachev"
"11/10/2018","Bills","-20.62","Propan/butan in Rogachev and internet to Dec"
"11/10/2018","Income","380.0","1Nov to ower money"
"11/03/2018","Food","-13.58",""
"10/31/2018","Med","-4.01","Eleuterokokk"
"10/31/2018","Food","-16.12",""
"10/31/2018","Food","-19.64",""
"10/31/2018","Food","-12.6","Gippo"
"10/31/2018","Med","-7.55","Plastirb and hlorgexedin 2 botls"
"10/31/2018","Food","-13.52",""
"10/31/2018","Food","-22.75",""
"10/31/2018","Consumables","-2.4","4 talons to bus"
"10/31/2018","Food","-21.0",""
"10/31/2018","Food","-24.42",""
"10/29/2018","Bills","-18.0","mobile internet to Novembre"
"10/26/2018","Defence","-42.0","IP cam"
"10/24/2018","Income","220.0","22-–≥–æ –∫—É—Å–æ–∫"
"10/23/2018","Bills","-165.0","–¢–∞—Ç—å—è–Ω–µ –∑–∞ –ù–æ—è–±—Ä—å"
"10/19/2018","Income","500.0","12.10"
"10/19/2018","Food","-17.91",""
"10/19/2018","Food","-4.7",""
"10/19/2018","Food","-20.55",""
"10/19/2018","Food","-14.85",""
"10/19/2018","Food","-24.95",""
"10/19/2018","Food","-30.97",""
"10/19/2018","Food","-3.99",""
"10/19/2018","Food","-20.64",""
"10/19/2018","Food","-24.36",""
"10/09/2018","Bills","-2.62","–∑–∞ –≥–∞–∑"
"09/30/2018","Food","-5.98",""
"09/30/2018","Consumables","-37.53","–ê–≤—Ç–æ–±—É—Å –∏ –ú–µ—Ç—Ä–æ, –≤–º–µ—Å—Ç–µ –¥–µ—à–µ–≤–ª–µ —á–µ–º –≤—Ä–æ–∑—å"
"09/29/2018","Food","-31.34",""
"09/29/2018","Food","-17.55",""
"09/29/2018","Food","-18.06",""
"09/29/2018","Food","-27.55",""
"09/29/2018","Food","-6.26","–∑–∞—à—ë–ª –≤ –≥–∏–ø–ø–æ"
"09/29/2018","Med","-6.49","—à–∞–ª—Ñ–µ–π –∏ –¥–µ–≤—è—Å–∏–ª"
"09/29/2018","Food","-29.08",""
"09/29/2018","Consumables","-11.35","—à–≤–º–ø—É–Ω—å —Ö—ç–¥—ç–Ω—à–æ–ª–¥–µ—Ä—Å –æ–ª–¥ —Å–ø–∞–π—Å  –∏ —à–∞–º–ø—É–Ω—å –¥–ª—è –±—Ä–∏—Ç—å—è –∞–∫—Å —Å –ø–µ—Ä—Ü–µ–º, –∫—É–ø–∏–ª —á—Ç–æ –ø–æ–Ω—Ä–∞–≤–∏–ª–æ—Å—å, –∞ –Ω–µ —á—Ç–æ –¥–µ—à–µ–≤–ª–µ."
"09/29/2018","Food","-20.72",""
"09/29/2018","Consumables","-18.0","–∏–Ω—Ç–µ—Ä–Ω–µ—Ç –û–∫—Ç—è–±—Ä—å"
"09/29/2018","Income","300.0","–∑—Ä–ø–ª –≤—Å—è"
"09/27/2018","Income","400.0","–µ—â—ë –∫—É—Å–æ–∫ –∑—Ä–ø–ª"
"09/27/2018","Income","410.0","—á–∞—Å—Ç—å –∑—Ä–ø–ª. 26-–≥–æ"
"09/24/2018","Bills","-165.0","–∫–≤–∞—Ä—Ç–ø–ª–∞—Ç–∞ –∑–∞ –û–∫—Ç—è–±—Ä—å –¢–∞–Ω—è"
"09/21/2018","Bills","-54.18","–ü–µ—Ä–≤–∞—è –∫–≤–∞—Ä—Ç–ø–ª–∞—Ç–∞ –±–µ–∑ –ø–µ–Ω–∏."
"09/21/2018","Bills","-2.62","–∑–∞ –≥–∞–∑"
"09/19/2018","Income","100.0","18-–≥–æ - –∞–≤–∞–Ω—Å?"
"09/17/2018","Food","-21.36",""
"09/17/2018","Food","-31.25",""
"09/17/2018","Food","-19.49",""
"09/17/2018","Food","-20.27",""
"09/17/2018","Food","-16.13",""
"09/17/2018","Food","-24.83",""
"09/17/2018","Food","-9.67",""
"09/17/2018","Food","-26.82",""
"09/17/2018","Consumables","-5.1","–º—ã–ª–æ"
"09/17/2018","Consumables","-29.25","–ú–µ—Ç—Ä–æ –°–µ–Ω—Ç—è–±—Ä—å"
"08/31/2018","Income","350.0","–µ—â—ë –∫—É—Å–æ–∫"
"08/31/2018","Clothes","-32.0","—Ö—É–¥–∏"
"08/31/2018","Consumables","-27.0","–ø—Ä–æ–µ–∑–¥–Ω–æ–π –Ω–∞ –°–µ–Ω—Ç—è–±—Ä—å"
"08/31/2018","Consumables","-18.0","–∏–Ω—Ç–µ—Ä–Ω–µ—Ç –Ω–∞ –°–µ–Ω—Ç—è–±—Ä—å"
"08/31/2018","Income","450.0","–∑–∞—Ä–ø–ª–∞—Ç–∞ –∏ —è–≤–Ω–æ –Ω–µ –≤—Å—è"
"08/29/2018","Food","-24.44",""
"08/29/2018","Food","-25.83",""
"08/29/2018","Food","-21.17",""
"08/29/2018","Food","-22.07",""
"08/29/2018","Food","-19.96",""
"08/29/2018","Food","-19.19",""
"08/29/2018","Med","-6.73","—Ç—Ä–∞–≤—ã"
"08/29/2018","Food","-30.5","—Å—ã—Ä–∫–∏ –≥–ª–∞–∑–∏—Ä–æ–≤–∞–Ω—ã–µ, –Ω—É—Ç–µ–ª–ª–∞, —Å–µ—Ä–≤–∏–ª–∞–¥–∏–∫ –∏ –≤—Å—ë –≤ –æ–¥–Ω–æ –µ–±–∞–ª–æ, –≤–æ–æ–±—â–µ –æ—Ö—É–µ–ª."
"08/24/2018","Bills","-2.62","–∑–∞ –≥–∞–∑"
"08/24/2018","Income","200.0","—Ç–∏–ø–∞ –∞–≤–∞–Ω—Å –≤–º–µ—Å—Ç–æ –∑–∞—Ä–ø–ª–∞—Ç—ã 24-–≥–æ –ê–≤–≥"
"08/24/2018","Bills","-165.0","–∫–≤–∞—Ä—Ç–ø–ª–∞—Ç–∞ –∑–∞ –°–µ–Ω—Ç—è–±—Ä—å"
"08/15/2018","Income","20.0","5 —è—â –ø–æ 15?–∫–≥ –ø–ª–∏—Ç–∫–∏ –Ω–∞ 7 —ç—Ç –∏ –ø–æ–º–æ—â—å –≤ –ª–∏—Ñ—Ç–µ."
"08/13/2018","Food","-22.97",""
"08/13/2018","Food","-14.87",""
"08/13/2018","Food","-3.78",""
"08/13/2018","Food","-3.28",""
"08/13/2018","Consumables","-4.37","—Ä–µ–≤–∏–≤–µ—Ä –¥–ª—è –≤–æ–ª–æ—Å 2 –±–∞–Ω–∫–∏"
"08/13/2018","Food","-9.51",""
"08/13/2018","Food","-21.61",""
"08/13/2018","Food","-22.48",""
"08/13/2018","Food","-11.22",""
"08/13/2018","Food","-3.1",""
"08/13/2018","Food","-4.33",""
"08/08/2018","Consumables","-1.04","—Å–∏–ª–∏–∫–∞—Ç–Ω—ã–π –∫–ª–µ–π 2—Ç—é–±."
"08/03/2018","Income","200.0","–∞–≤–∞–Ω—Å–µ–≥"
"08/01/2018","Bills","-418.67","–ü–µ–Ω—è –∑–∞ –∫–≤–∞—Ä—Ç–∏—Ä—É –≤ –†–æ–≥–∞—á—ë–≤–µ"
"07/31/2018","Med","-3.62","2 –±—É—Ç. —Ö–ª–æ—Ä–≥–µ–∫—Å–µ–¥–∏–Ω–∞"
"07/31/2018","Food","-13.61",""
"07/30/2018","Food","-19.12",""
"07/30/2018","Food","-15.02",""
"07/30/2018","Food","-3.0","–≥—Ä—É—à–∏ –∏ —è–±–ª–æ–∫–∏"
"07/30/2018","Income","820.0","–¢–∞ –∑–∞—Ä–ø–ª–∞—Ç–∞ —á—Ç–æ –¥–æ–ª–∂–Ω–∞ –±—ã–ª–∞ –±—ã—Ç—å 25-–≥–æ –ò—é–ª—è, –∞ –ø—Ä–∏—à–ª–∞ 11 –ê–≤–≥, –∑–∞–ø–∏—à—É –≤ –ò—é–ª—å —á—Ç–æ–± –ø–æ–∑–∏—Ç–∏–≤–Ω–µ–µ –±—ã–ª –±–∞–ª–∞–Ω—Å."
"07/30/2018","Bills","-18.0","–ò–Ω—Ç–µ—Ä–Ω–µ—Ç –∏ –º–æ–±–∏–ª—å–Ω–∞—è —Å–≤—è–∑—å –Ω–∞ –ê–≤–≥—É—Å—Ç"
"07/27/2018","Consumables","-27.0","–ø—Ä–æ–µ–∑–¥–Ω–æ–π –µ–∞ –ê–≤–≥—É—Å—Ç"
"07/27/2018","Food","-21.92",""
"07/27/2018","Food","-18.92",""
"07/27/2018","Food","-7.33",""
"07/27/2018","Food","-11.33",""
"07/27/2018","Food","-9.68",""
"07/27/2018","Food","-26.73",""
"07/27/2018","Food","-12.43",""
"07/27/2018","Med","-1.98","–ü–æ–ª—ã–Ω—å"
"07/27/2018","Food","-21.08",""
"07/27/2018","Food","-20.32",""
"07/27/2018","Clothes","-12.0","—Å–µ–∫–æ–Ω–¥ –º–∞–π–∫–∞"
"07/27/2018","Clothes","-38.0","—Å–µ–∫–æ–Ω–¥"
"07/27/2018","Food","-3.25","—Ç—Ä–∏ –±–µ–ª—è—à–∞ –∏ –≤–æ–¥–∞ –õ—é–¥–µ –Ω–∞–ª–∏—á–º–∞–Ω–æ–º"
"07/27/2018","Food","-25.2",""
"07/27/2018","Consumables","-28.31","–∫—Ä–µ–º–∞, –º—ã–ª–æ, –ø–∞–∫–µ—Ç—ã, —Ñ—ç–π—Ä–∏"
"07/22/2018","Med","-22.0","plazma remove pen"
"07/19/2018","Income","180.0","–∞–≤–∞–Ω—Å"
"07/19/2018","Bills","-2.62","–∑–∞ –≥–∞–∑"
"07/19/2018","Bills","-165.0","–∫–≤—Ä—Ç–ø–ª—Ç –∑–∞ –ê–≤–≥—É—Å—Ç"
"07/14/2018","Consumables","-8.0","—á–µ—Ö–æ–ª –¥–ª—è —Å–º–∞—Ä—Ç–∞, –æ–∂–∏–¥–∞—é —Å—Ç–∏–ª—É—Å –≤ –ø–æ–¥–∞—Ä–æ–∫."
"07/05/2018","Food","-21.49",""
"07/05/2018","Food","-21.87",""
"07/05/2018","Food","-16.55",""
"07/03/2018","Consumables","-4.36","–∫–∞–±–µ–ª—å AUX"
"07/02/2018","Clothes","-24.0","—Å—É–º–∫—É –¥–ª—è —Å–º–∞—Ä—Ç—Ñ–æ–Ω–∞ –∫—É–ø–∏–ª –ø—Ü, –Ω–µ–∫—É–¥–∞ –¥–µ–Ω—å–≥–∏ –¥–µ–≤–∞—Ç—å."
"06/29/2018","Food","-22.25",""
"06/29/2018","Consumables","-2.08","—á–∏—Å—Ç—è—â–µ–µ —Å—Ä–µ–¥—Å—Ç–≤–æ –æ—Ç –∏–∑–≤–µ—Å—Ç–∫–æ–≤–æ–≥–æ –Ω–∞–ª—ë—Ç–∞."
"06/29/2018","Food","-34.39",""
"06/29/2018","Clothes","-48.0","–ö—É—Ä—Ç–æ—á–∫–∞ softshell \"Northern Summit\""
"06/29/2018","Food","-7.59",""
"06/29/2018","Consumables","-27.0","–ø—Ä–æ–µ–∑–¥–Ω–æ–π –Ω–∞ –ò—é–ª—å"
"06/29/2018","Bills","-165.0","–∫—ã–∞—Ä—Ç–ø–ª–∞—Ç–∞ –∑–∞ –ò—é–ª—å"
"06/28/2018","Consumables","-16.0","internet  to July"
"06/24/2018","Food","-11.66",""
"06/24/2018","Food","-5.75",""
"06/24/2018","Food","-22.69",""
"06/24/2018","Food","-28.52",""
"06/22/2018","Income","1030.0","–∑–∞—á–∏—Å–ª–µ–Ω–∏–µ –Ω–∞ —Å—á—ë—Ç –æ—Ç–ø—É—Å–∫–Ω—ã—Ö –∫–∞–∫–∏—Ö-—Ç–æ"
"06/17/2018","Income","170.0","13-–≥–æ –∑–∞—á–∏—Å–ª–∏–ª–∏ —á—ë-—Ç–æ"
"06/14/2018","Food","-13.01",""
"06/14/2018","Food","-21.44",""
"06/14/2018","Food","-20.0",""
"06/14/2018","Clothes","-34.0","—Å–≤–∏—Ç—à–æ—Ç–∏–∫ –∏ —Ñ–ª–∏—Å–∫–∞ –≤ –∞–¥–∑–µ–Ω–Ω–µ"
"06/14/2018","Food","-13.44","–¥–≤–µ –ø–∞—á–∫–∏ –∫–æ—Ñ–µ –≤ –æ—Å—Ç—Ä–æ–≤–µ"
"06/14/2018","Food","-32.22",""
"06/14/2018","Consumables","-1.45","—Å—Ä–µ–¥—Å—Ç–≤–æ –¥–ª—è –º—ã—Ç—å—è —Å—Ç—ë–∫–æ–ª"
"06/14/2018","Food","-18.35",""
"05/31/2018","Income","980.0","–∑–∞—Ä–ø–ª–∞—Ç–∞"
"05/31/2018","Food","-15.07",""
"05/31/2018","Food","-19.9",""
"05/31/2018","Food","-21.26",""
"05/29/2018","Bills","-165.0","–∫–≤—Ä—Ç–ø–ª—Ç –∑–∞ –ò—é–Ω—å"
"05/29/2018","Bills","-2.62","–∑–∞ –≥–∞–∑"
"05/25/2018","Food","-18.3",""
"05/25/2018","Food","-17.48",""
"05/20/2018","Clothes","-28.0","Two Jeens in Adzenne second-hand"
"05/20/2018","Food","-12.1",""
"05/20/2018","Food","-23.09",""
"05/20/2018","Food","-21.03",""
"05/20/2018","Food","-22.67",""
"05/18/2018","Food","-20.0","–±–ª–∞–≥–æ–¥–∞—Ä–Ω–æ—Å—Ç—å"
"05/16/2018","Income","150.0","–∞–≤–∞–Ω—Å"
"05/13/2018","Food","-22.31",""
"05/13/2018","Consumables","-11.05","—à–∞–º–ø—É–Ω—å, –≥–µ–ª—å –¥–ª—è –¥—É—à–≤/—à–∞–º–ø—É–Ω—å, –º—ã–ª–æ Duru"
"05/13/2018","Food","-16.1",""
"05/13/2018","Food","-19.7",""
"05/13/2018","Food","-30.56",""
"05/13/2018","Food","-25.81",""
"05/13/2018","Food","-14.92",""
"05/01/2018","Consumables","-27.0","Bus ticket for May"
"05/01/2018","Food","-6.72"," –∫–æ—Ñ–µ –ß–∏–±–æ, üò®–ø—Ü"
"05/01/2018","Food","-14.19","Bottle Tide wash gel for my urine"
"05/01/2018","Food","-27.9",""
"05/01/2018","Consumables","-14.0","Internet traffic for May month"
"04/27/2018","Income","200.0","25-–≥–æ —á—Ç–æ —ç—Ç–æ? –≠—Ç–æ —Ç–∞–º —è 3 –Ω–µ–¥ –±–æ–ª–µ–ª?"
"04/26/2018","Food","-17.79",""
"04/26/2018","Food","-23.35",""
"04/26/2018","Food","-24.69",""
"04/26/2018","Food","-26.89",""
"04/26/2018","Consumables","-28.09","–ø—Ä–æ—Å—Ç—ã–Ω–∏, –≤ —Å–º—ã—Å–ª–µ –±—è–∑—å –∏ –ø–æ–¥–∫–ª–∞–¥–æ—á–Ω–∞—è —Ç–∫–∞–Ω—å."
"04/24/2018","Income","470.0","in vipiska 18Apr zrplt"
"04/24/2018","Income","220.0","in vipiska 5Apr?"
"04/23/2018","Bills","-165.0","–∫–≤–∞—Ä—Ç–ø–ª–∞—Ç–∞ –∑–∞ –ú–∞–π"
"04/17/2018","Med","-2.5","–î–∏—Å—Ç–∏–ª—è—Ç 6–ª"
"04/17/2018","Food","-26.59",""
"04/17/2018","Food","-24.81",""
"04/17/2018","Consumables","-6.79","—Å—Ç–∏—Ä –ø–æ—Ä–æ—à—ë–∫"
"04/17/2018","Food","-18.96",""
"04/16/2018","Bills","-2.62","–≥–∞–∑"
"04/13/2018","Clothes","-41.0","–∂—ã–º—Å–∏–∫–∏ —Å—Ç–µ–∏—á —ç–Ω–¥ —Å–µ—Ä–∞—è –º–∞–µ—á–∫–∞ —É –ê–¥–∑–µ–Ω–Ωi"
"04/13/2018","Food","-21.13",""
"04/13/2018","Food","-27.97",""
"04/09/2018","Food","-20.53",""
"04/06/2018","Fun","-13.0","—Ç–∫–∞–Ω—å –Ω–∞ —ç–∫—Ä–∞–Ω 2–º –ø–æ 4—Ä –±—è–∑—å, –∫–∞—Ç—É—à–∫–∞ –Ω–∏—Ç–æ–∫."
"04/05/2018","Food","-26.72",""
"04/05/2018","Consumables","-27.0","–ø—Ä–æ–µ–∑–¥–Ω–æ–π –Ω–∞ –ê–ø—Ä–µ–ª—å"
"04/05/2018","Food","-19.76",""
"04/05/2018","Consumables","-22.55","—Å—Ç–µ—Ä–∂–Ω–∏, –º–∞—Ä–∫–µ—Ä, –≥–æ—Ç–æ–≤–∞–ª—å–Ω—è, –∫–æ–Ω—Ç–µ–π–Ω–µ—Ä –¥–ª—è –ø–∞–π–∫–∏, —Å–æ–ª—å –≤ –±–∞–Ω–æ—á–∫–µ, –ø—Ä–æ–ø–∏—Ç–∫–∞ –≤–æ–¥–æ–æ—Ç—Ç–∞–ª–∫–∏–≤–∞—é—â–∞—è."
"04/05/2018","Food","-8.46",""
"04/05/2018","Food","-19.89",""
"04/05/2018","Consumables","-29.74","–¥–∏—Å—Ç–∏–ª—è—Ç, —Ä—É–ª–µ—Ç–∫–∞ –∑–∞ 11,71, 3M, —Ä–µ–∑–∏–Ω–æ–≤–∞—è –∫–∞–º–µ—Ä–∞"
"04/01/2018","Consumables","-15.9","–∏–Ω—Ç–µ—Ä–Ω–µ—Ç –ê–ø—Ä–µ–ª—å"
"03/31/2018","Income","130.0","–∫—É—Å–æ–∫ –∑–∞—Ä–ø–ª–∞—Ç—ã"
"03/31/2018","Income","110.0","–∫—É—Å–æ–∫ –∑—Ä–ø–ª—Ç—ã"
"03/29/2018","Food","-5.75",""
"03/29/2018","Food","-10.54",""
"03/29/2018","Food","-10.36",""
"03/29/2018","Food","-6.15",""
"03/29/2018","Food","-9.85",""
"03/29/2018","Food","-10.95",""
"03/25/2018","Consumables","-6.0","–Ω–∞ —Ç–µ–ª–µ—Ñ–æ–Ω 466"
"03/25/2018","Income","290.0","–∑–∞—Ä–ø–ª—Ç–∞"
"03/23/2018","Bills","-165.0","–∫–≤–∞—Ä—Ç–ø–ª–∞—Ç–∞ –∑–∞ –ê–ø—Ä–µ–ª—å"
"03/23/2018","Food","-33.2",""
"03/23/2018","Food","-3.04",""
"03/23/2018","Food","-2.52",""
"03/23/2018","Food","-23.71",""
"03/23/2018","Clothes","-140.45","Onitsuka Tiger "
"03/14/2018","Food","-27.05",""
"03/14/2018","Food","-15.44",""
"03/14/2018","Food","-5.87",""
"03/14/2018","Food","-29.18",""
"03/11/2018","Bills","-2.62","–∑–∞ –≥–∞–∑"
"03/07/2018","Food","-16.87",""
"03/07/2018","Food","-14.38",""
"03/01/2018","Income","1000.0","–∑–∞—Ä–ø–ª–∞—Ç–∞ –∑–∞ –Ø–Ω–≤–∞—Ä—å"
"02/28/2018","Food","-4.49","–∫–æ—Ñ–µ"
"02/28/2018","Food","-22.82",""
"02/28/2018","Food","-22.57",""
"02/28/2018","Consumables","-27.0","–ø—Ä–æ–µ–∑–¥–Ω–æ–π –ú–∞—Ä—Ç"
"02/28/2018","Food","-9.14",""
"02/24/2018","Bills","-165.0","–∫–≤—Ä—Ç–ø–ª—Ç –∑–∞ –ú–∞—Ä—Ç"
"02/23/2018","Income","100.0","–∞–≤–∞–Ω—Å –Ω–∞ 23 —Ñ–µ–≤—Ä–∞–ª—è –≤–º–µ—Å—Ç–æ 15-–≥–æ"
"02/23/2018","Food","-4.37",""
"02/23/2018","Food","-4.49",""
"02/23/2018","Food","-11.28",""
"02/23/2018","Food","-13.66",""
"02/23/2018","Food","-4.73",""
"02/23/2018","Food","-20.57",""
"02/23/2018","Med","-8.49","—Ö–ª–æ—Ä–≥–µ–∫—Å–Ω–¥–∏–Ω —Ö2 , —Å–æ–ª–æ–¥–∫–∞, –¥–µ–≤—è—Å–∏–ª"
"02/23/2018","Food","-4.53",""
"02/23/2018","Food","-9.89",""
"02/23/2018","Income","50.0","–ë–ª–∞–≥–æ–¥–∞—Ä–Ω–æ—Å—Ç—å –∑–∞ —Ä–∞–±–æ—Ç—É"
"02/23/2018","Consumables","-14.0","–ò–Ω—Ç–µ—Ä–Ω–µ—Ç –Ω–∞ –ú–∞—Ä—Ç"
"02/12/2018","Bills","-2.62","–∑–∞ –ì–∞–∑"
"02/11/2018","Food","-12.79",""
"02/11/2018","Food","-18.67",""
"02/11/2018","Food","-7.94",""
"02/11/2018","Food","-3.08",""
"02/11/2018","Food","-11.63",""
"02/11/2018","Food","-5.74",""
"02/11/2018","Food","-17.39",""
"01/31/2018","Food","-20.55",""
"01/29/2018","Food","-6.76",""
"01/29/2018","Food","-9.74","–∫–∞√Ω–±–∞—Å–∞ —É –∂–∞–Ω—á—ã–Ω—ã —è–∫–∞—è —Ö–∞—Ü–µ–ª–∞ –∫–∞–± —è —ë–π 2–∫–æ–ø –±—ã√Ω –¥–æ√Ω–∂–Ω—ã"
"01/28/2018","Med","-7.91","2–±—É—Ç. —Ö–ª–æ—Ä–≥–µ–∫—Å–µ–¥–∏–Ω–∞ –∏ 100–≥—Ä –î–µ–≤—è—Å–∏–ª–∞ (3,89—Ä)"
"01/28/2018","Food","-11.87",""
"01/28/2018","Consumables","-4.0","–∏–Ω—Ç–µ—Ä–Ω–µ—Ç –§–µ–≤—Ä–∞–ª—å"
"01/28/2018","Consumables","-27.0","–ø—Ä–æ–µ–∑–¥–Ω–æ–π –§–µ–≤—Ä–∞–ª—å"
"01/28/2018","Food","-20.33",""
"01/28/2018","Food","-5.63",""
"01/28/2018","Food","-5.9",""
"01/26/2018","Income","900.0","–∑–∞—Ä–ø–ª–∞—Ç–∫–∞"
"01/26/2018","Bills","-165.0","–∫–≤—Ä—Ç–ø–ª—Ç –∑–∞ –§–µ–≤—Ä–∞–ª—å"
"01/23/2018","Food","-13.92",""
"01/23/2018","Food","-8.06",""
"01/23/2018","Food","-5.55",""
"01/23/2018","Food","-12.0",""
"01/23/2018","Food","-9.53",""
"01/23/2018","Food","-6.97",""
"01/23/2018","Food","-16.1",""
"01/18/2018","Bills","-2.44","–∑–∞ –ì–∞–∑"
"01/17/2018","Consumables","-5.49","–±—É—Ç—ã–ª–∫–∞ –º–æ—é—â–µ–≥–æ –¥–ª—è –æ–∫–æ–Ω 1,69 –∏ —á–∞–π"
"01/17/2018","Food","-7.94",""
"01/17/2018","Consumables","-8.06","–ü–∞—Ä—Ñ—é–º Men's Code Black Mark 100ml"
"01/17/2018","Food","-2.35",""
"01/17/2018","Food","-5.74",""
"01/17/2018","Food","-13.08",""
"01/17/2018","Food","-18.45",""
"01/17/2018","Food","-5.74",""
"01/17/2018","Food","-14.18",""
"01/17/2018","Food","-7.24",""
"01/17/2018","Food","-4.37",""
"01/17/2018","Food","-8.64",""
"01/17/2018","Food","-12.0",""
"01/15/2018","Income","200.0","–∞–≤–∞–Ω—Å–µ–≥"
"12/31/2017","Food","-28.18",""
"12/31/2017","Food","-13.0",""
"12/31/2017","Food","-23.66",""
"12/31/2017","Food","-27.28",""
"12/31/2017","Food","-8.33",""
"12/31/2017","Food","-8.16",""
"12/25/2017","Food","-13.48",""
"12/24/2017","Bills","-165.0","–∫–≤–∞—Ä—Ç–ø–ª–∞—Ç–∞ –∑–∞ –Ø–Ω–≤–∞—Ä—å"
"12/24/2017","Food","-10.99",""
"12/24/2017","Food","-10.46",""
"12/24/2017","Food","-9.05",""
"12/24/2017","Income","950.0","–ó—Ä–ø–ª—Ç–∫–∞"
"12/20/2017","Food","-5.62",""
"12/20/2017","Food","-28.46",""
"12/17/2017","Food","-23.16",""
"12/17/2017","Food","-7.65",""
"12/17/2017","Food","-15.31",""
"12/17/2017","Food","-13.9",""
"12/15/2017","Income","150.0","–∞–≤–∞–Ω—Å–µ–≥"
"12/10/2017","Food","-13.31",""
"12/10/2017","Food","-16.19",""
"12/10/2017","Food","-21.79",""
"12/10/2017","Food","-8.82",""
"12/10/2017","Food","-6.85",""
"12/10/2017","Food","-24.73",""
"11/30/2017","Consumables","-7.0","–º—É–ª—å—Ç–∏–Ω–µ—Ç –Ω–∞ –î–µ–∫–∞–±—Ä—å"
"11/27/2017","Income","950.0","–≤—Ç–æ—Ä–∞—è —á–∞—Å—Ç—å –∑–∞—Ä–ø–ª–∞—Ç—ã"
"11/27/2017","Food","-28.24",""
"11/27/2017","Consumables","-4.79","–ú—ã–ª–æ."
"11/27/2017","Food","-14.38",""
"11/27/2017","Food","-8.43",""
"11/27/2017","Food","-6.92",""
"11/24/2017","Income","250.0","—á–∞—Å—Ç—å –∑–∞—Ä–ø–ª–∞—Ç—ã"
"11/24/2017","Consumables","-27.0","–ø—Ä–æ–µ–∑–¥–Ω–æ–π –î–µ–∫–∞–±—Ä—å"
"11/23/2017","Bills","-165.0","–∫–≤—Ä—Ç–ø—Ç –∑–∞ –î–µ–∫–∞–±—Ä—å"
"11/20/2017","Med","-13.85","–ø—É–ª—å–≤–µ—Ä–∏–∑–∞—Ç–æ—Ä 2–ª"
"11/20/2017","Food","-10.29",""
"11/20/2017","Food","-22.29",""
"11/20/2017","Food","-20.07",""
"11/20/2017","Food","-1.47",""
"11/20/2017","Food","-19.93",""
"11/20/2017","Food","-5.84",""
"11/20/2017","Food","-7.45",""
"11/20/2017","Food","-12.13",""
"11/19/2017","Income","425.0","–æ—Å—Ç–∞—Ç–æ–∫ –∑–∞—Ä–ø–ª–∞—Ç—ã"
"11/19/2017","Bills","-2.44","–∑–∞ –ì–∞–∑"
"11/13/2017","Food","-19.32",""
"11/13/2017","Food","-7.02",""
"11/13/2017","Food","-6.64",""
"11/13/2017","Food","-10.44",""
"11/13/2017","Food","-12.93",""
"11/13/2017","Food","-15.93",""
"11/05/2017","Income","385.0","–µ—â—ë —á–∞—Å—Ç—å –∑–∞—Ä–ø–ª–∞—Ç—ã"
"11/03/2017","Income","200.0","–ó—Ä–ø–ª—Ç–∫–∏ —á–∞—Å—Ç—å"
"10/31/2017","Food","-13.56",""
"10/31/2017","Food","-12.14",""
"10/31/2017","Food","-10.18",""
"10/27/2017","Food","-15.06",""
"10/27/2017","Food","-6.85",""
"10/27/2017","Food","-5.66",""
"10/25/2017","Consumables","-23.63","–ø—Ä–æ–µ–∑–¥–Ω–æ–π –ù–æ—è–±—Ä—å"
"10/25/2017","Food","-10.66",""
"10/25/2017","Food","-7.4",""
"10/25/2017","Food","-14.83",""
"10/22/2017","Bills","-165.0","–∫–≤—Ä—Ç–ø–ª—Ç –∑–∞ –ù–æ—è–±—Ä—å"
"10/21/2017","Bills","-2.44","–ì–∞–∑"
"10/20/2017","Food","-23.64",""
"10/20/2017","Food","-12.33",""
"10/20/2017","Food","-12.14",""
"10/20/2017","Food","-4.27",""
"10/20/2017","Food","-17.05",""
"10/20/2017","Food","-7.44",""
"10/14/2017","Income","100.0","–∞–≤–∞–Ω—Å"
"10/10/2017","Food","-9.38",""
"10/10/2017","Food","-17.01",""
"10/10/2017","Food","-13.62",""
"10/10/2017","Food","-19.72",""
"10/10/2017","Food","-11.78",""
"10/10/2017","Food","-11.0",""
"10/01/2017","Bills","-165.0","–∫–≤—Ä—Ç–ø–ª—Ç –∑–∞ –û–∫—Ç—è–±—Ä—å"
"09/28/2017","Consumables","-23.63","–ø—Ä–æ–µ–∑–¥–Ω–æ–π –Ω–∞ –û–∫—Ç—è–±—Ä—å"
"09/28/2017","Food","-14.22",""
"09/28/2017","Food","-22.47",""
"09/27/2017","Income","1130.0","–ó—Ä–ø–ª—Ç–∫."
"09/24/2017","Food","-9.0","sim Multinet"
"09/24/2017","Food","-8.09",""
"09/24/2017","Bills","-2.26","–≥–∞–∑"
"09/22/2017","Food","-9.98",""
"09/22/2017","Food","-12.11",""
"09/22/2017","Food","-18.87",""
"09/18/2017","Food","-19.51",""
"09/18/2017","Food","-14.73",""
"09/18/2017","Food","-12.35",""
"09/15/2017","Income","70.0","–∞–≤–∞–Ω—Å–µ–≥"
"09/13/2017","Income","460.0","—Ç—Ä–µ—Ç—å—è —á–∞—Å—Ç—å –∑–∞—Ä–ø–ª–∞—Ç—ã "
"09/11/2017","Food","-15.79",""
"09/11/2017","Food","-16.4",""
"09/11/2017","Food","-23.54",""
"09/11/2017","Food","-11.44",""
"09/02/2017","Food","-23.93",""
"09/02/2017","Clothes","-27.01","—Ç—Ä–∏ –ø–∞—Ä—ã –Ω–æ—Å–∫–æ–≤ –∏ —Ç—Ä–æ–µ —Ç—Ä—É—Å–æ–≤, MF"
"08/30/2017","Income","500.0","—á–∞—Å—Ç—å –∑–∞—Ä–ø–ª–∞—Ç—ã"
"08/30/2017","Consumables","-23.63","–ø–æ–æ–µ–∑–¥–Ω–æ–π –Ω–∞ –∞–≤—Ç–æ–±—É—Å, –°–µ–Ω—Ç—è–±—Ä—å"
"08/30/2017","Food","-13.93",""
"08/30/2017","Food","-20.16",""
"08/29/2017","Bills","-584.03","–ü–µ–Ω—è –∑–∞ –∫–≤–∞—Ä—Ç–∏—Ä—É"
"08/28/2017","Bills","-165.0","–∫–≤–∞—Ä—Ç–ø–ª–∞—Ç–∞ –∑–∞ –°–µ–Ω—Ç—è–±—Ä—å"
"08/25/2017","Food","-16.42",""
"08/25/2017","Food","-16.69",""
"08/25/2017","Food","-21.71",""
"08/25/2017","Food","-14.25",""
"08/25/2017","Food","-1.99",""
"08/25/2017","Food","-13.55",""
"08/25/2017","Food","-9.73",""
"08/25/2017","Bills","-15.0","–∏–Ω—Ç–µ—Ä–Ω–µ—Ç –Ω–∞ –°–µ–Ω—Ç—è–±—Ä—å"
"08/21/2017","Bills","-2.1","–∑–∞ –≥–∞–∑"
"08/16/2017","Food","-11.13",""
"08/16/2017","Food","-18.01",""
"08/16/2017","Clothes","-11.2","–î–æ–∂–¥–µ–≤–∏–∫ –Ω–∞ —Ä–∞–±–æ—Ç—É"
"08/16/2017","Income","100.0","–∞–≤–∞–Ω—Å–µ–≥"
"08/12/2017","Food","-14.93",""
"08/12/2017","Food","-7.76",""
"08/12/2017","Food","-19.86",""
"08/12/2017","Food","-12.09",""
"08/05/2017","Food","-9.4",""
"08/05/2017","Food","-23.29",""
"07/30/2017","Consumables","-33.11","–ê—û—Ç–æ–±—É—Å —ñ –ú–µ—Ç—Ä–æ –∑–∞ Augustus"
"07/30/2017","Bills","-0.04","–ø–µ–Ω—è –∑–∞ –≥–∞–∑?"
"07/30/2017","Food","-17.1",""
"07/30/2017","Food","-20.9",""
"07/30/2017","Food","-32.04",""
"07/30/2017","Food","-5.3",""
"07/29/2017","Bills","-165.0","–∫–≤–∞—Ä—Ç–ø–ª–∞—Ç–∞ –∑–∞ –ê–≤–≥—É—Å—Ç"
"07/26/2017","Consumables","-14.0","internet August"
"07/25/2017","Income","960.0","zrpltka"
"07/23/2017","Food","-15.87",""
"07/23/2017","Food","-13.31",""
"07/20/2017","Fun","-68.85","–°—è–æ–º–∏ –º—É–∑–æ–Ω"
"07/17/2017","Consumables","-3.41","—à–∞–º–ø—É–Ω—å"
"07/17/2017","Food","-18.41",""
"07/17/2017","Food","-17.7",""
"07/17/2017","Food","-26.92",""
"07/17/2017","Food","-10.72",""
"07/16/2017","Income","50.0","–∞–≤–∞–Ω—Å–µ–≥"
"07/13/2017","Bills","-165.0","–∫–≤–∞—Ä—Ç–ø–ª–∞—Ç–∞ –∑–∞ –ò—é–ª—å"
"07/12/2017","Consumables","-2.0","–≤–æ–¥–∞ –Ω–∞ —Ä–∞–±–æ—Ç—É"
"07/07/2017","Food","-8.82",""
"07/07/2017","Food","-9.72",""
"07/07/2017","Food","-25.84","–ø–∞–º—ñ–¥–æ—Ä—ã –¥—ã –≥—É—Ä–∫—ñ —ñ –ø–∞–π–∫–∞ —à—á—ç"
"07/07/2017","Food","-11.63",""
"07/07/2017","Food","-10.69",""
"06/30/2017","Food","-22.44","–ø–∞–π–∫–∞, –ø–∞–º—ñ–¥–æ—Ä—ã —ñ –∞–≥—É—Ä–∫—ñ"
"06/30/2017","Food","-12.1","–ø–∞–π–∫–∞"
"06/30/2017","Consumables","-1.95","—Å—Ä–µ–¥—Å—Ç–≤–æ –¥–ª—è –º—ã—Ç—å—è —Å—Ç—ë–∫–æ–ª"
"06/30/2017","Fun","-0.5","–ü—Ä–∞–≤–æ—Å–ª–∞–≤–Ω–æ–º—É –ø—Ä–æ—Å—è—â–µ–º—É –Ω–∞ –∫–µ—Ñ–∏—Ä/–±–∞—Ç–æ–Ω –Ω–µ –Ω–∞—à—ë–ª —Å–ª–æ–≤ –æ—Ç–∫–∞–∑–∞—Ç—å."
"06/30/2017","Food","-0.61","–±—É—Ç—ã–ª–æ—á–∫–∞ —Å—ã–≤–æ—Ä–æ—Ç–∫–∏ –ê–∫—Ç—É–∞–ª—å"
"06/29/2017","Consumables","-25.99","–º–µ—Ç—Ä–æ –Ω–∞ –ò—é–ª—å"
"06/29/2017","Consumables","-4.8","–º–µ—Ç—Ä–æ 8 –ø–æ–µ–∑–¥–æ–∫/–∂–µ—Ç–æ–Ω–æ–≤"
"06/29/2017","Consumables","-23.63","–ê–≤—Ç–æ–±—É—Å –ò—é–ª—å"
"06/29/2017","Income","900.0","–∑–∞—Ä–ø–ª–∞—Ç–∫–∞"
"06/29/2017","Med","-2.15","–≤–æ–¥–∞ 6–ª –¥–ª—è –º–µ—Ç–∏–ª–µ–Ω–∞"
"06/25/2017","Food","-18.81","–ø–∞–π–∫–∞"
"06/25/2017","Food","-19.63","–ø–∞–π–∫–∞"
"06/25/2017","Food","-12.61","–ø–∞–π–∫–∞"
"06/25/2017","Food","-9.41","–ø–∞–π–∫–∞ –∏ –∫—Ä–µ–º –¥–µ–ø–∏–ª—è—Ü–∏–æ–Ω–Ω—ã–π"
"06/25/2017","Med","-2.43","methylene blue"
"06/24/2017","Consumables","-15.0","–Ü–Ω—Ç–µ—Ä–Ω–µ—Ç—ã –∑–∞ –Ü—é–ª—å"
"06/24/2017","Bills","-4.56","–∑–∞ –≥–∞–∑ –¥–æ–º–∞"
"06/24/2017","Future Company","-32.0","Glue gun and ten glue stiks"
"06/18/2017","Food","-11.48","–ø–∞–π–∫–∞"
"06/18/2017","Food","-8.54","–ø–∞–π–∫–∞"
"06/18/2017","Food","-13.84","–ø–∞–π–∫–∞"
"06/18/2017","Food","-33.12","–ø–∞–π–∫–∞"
"06/18/2017","Consumables","-11.79","–ü–∞—Ä—Ñ—é–º \"Vodka BlackCurrant\" 100ml, Fairy."
"06/18/2017","Med","-10.02","—Ö–ª–æ—Ä–≥–µ–∫—Å–∏–¥–∏–Ω–∞ –¥–≤–∞ –±–∞–ª–æ–Ω–∞ –∏ –≤–æ—Å–µ–º—å –ø–∞—á–µ–∫ —É–≥–ª—è –∞–∫—Ç–∏–≤–∏—Ä–æ–≤–∞–Ω–Ω–æ–≥–æ."
"06/18/2017","Food","-26.3","–ø–≤–π–∫–∞"
"06/18/2017","Food","-8.33","–ø–∞–π–∫–∞"
"06/18/2017","Food","-11.02","–ø–∞–π–∫–∞"
"06/18/2017","Food","-9.88","–ø–∞–π–∫–∞"
"06/18/2017","Consumables","-17.54","—É–ø–ª–∞—Ç–∞ —Ç–∞–º–æ–∂–Ω–µ –∑–∞ —à—É–∑—ã"
"06/15/2017","Income","50.0","–ê–≤–∞–Ω—Å–µ–≥"
"06/11/2017","Food","-23.97","–ø–∞–π–∫–∞"
"06/11/2017","Food","-7.35","–ø–∞–π–∫–∞"
"06/11/2017","Consumables","-6.33","–º—ã–ª–æ –ø–æ—Ä–æ—à–æ–∫, –æ—Ç–±–µ–ª–∏–≤–∞—Ç–µ–ª—å"
"06/06/2017","Bills","-2.26","–ì–∞–∑ –ê–ø—Ä–µ–ª—å"
"06/05/2017","Food","-19.46","–ø–∞–π–∫–∞"
"06/05/2017","Food","-14.14","–ø–∞–π–∫–∞"
"06/05/2017","Food","-21.68","–ø–∞–π–∫–∞"
"06/02/2017","Bills","-17.03","–ø–æ—à–ª–∏–Ω–∞ –∑–∞ –ª–∏–Ω–µ–π–∫—É –∏–∑ –∫–∏—Ç–∞—è"
"06/02/2017","Food","-10.88","–ø–∞–π–∫–∞"
"06/02/2017","Food","-12.79","–ø–∞–π–∫–∞"
"05/30/2017","Income","810.0","–∑—Ä–ø–ª—Ç–∫–∞"
"05/28/2017","Food","-12.71","–ø–∞–π–∫–∞"
"05/28/2017","Food","-31.28","–ø–∞–π–∫–∞"
"05/28/2017","Food","-32.29","–ø–∞–π–∫–∞"
"05/27/2017","Consumables","-15.0","internet June"
"05/24/2017","Food","-11.62","–ø–∞–π–∫–∞"
"05/24/2017","Consumables","-23.63","–ø—Ä–æ–µ–∑–¥–Ω–æ–π –ò—é–Ω—å"
"05/24/2017","Bills","-165.0","–∫–≤—Ä—Ç–ø–ª–∫–∞ –∑–∞ –ò—é–Ω—å –ø–æ–ª–æ–∂–∏–ª –ø–æ–¥ —Å–∫–∞—Ç–µ—Ä—Ç—å"
"05/22/2017","Food","-27.69","–ø–≤–π–∫–∞"
"05/22/2017","Food","-22.04","–ø–∞–π–∫–∞"
"05/22/2017","Food","-7.72","–ø–∞–π–∫–∞"
"05/15/2017","Income","100.0","–∞–≤–∞–Ω—Å–µ–≥"
"05/15/2017","Food","-28.67","–ø–∞–π–∫–∞"
"05/15/2017","Food","-18.23","–ø–∞–π–∫–∞"
"05/15/2017","Food","-32.11","–ø–∞–π–∫–∞"
"05/12/2017","Income","610.0","–∑—Ä–ø–ª—Ç–∫"
"05/10/2017","Food","-32.89","–ø–∞–π–∫–∞"
"05/10/2017","Food","-9.78","–ø–∞–π–∫–∞"
"05/10/2017","Food","-13.0","–ø–∞–π–∫–∞"
"05/10/2017","Food","-26.49","–ø–∞–π–∫–∞"
"05/10/2017","Fun","-32.26","–ö–æ—Ä–º–∏–ª –ë—Ä–æ –∏ —Å–µ–±—è –ø–æ—Å–ª–µ –°—Ç—Ä–∞–∂–µ–π –ì–∞–ª–∞–∫—Ç–∏–∫–∏, –Ω–∞–¥–µ—é—Å—å –≤ –ø–æ—Å–ª–µ–¥–Ω–∏–π —Ä–∞–∑."
"05/07/2017","Consumables","-0.7","–±—Ä–∞—Ç—É –Ω–∞ –ø—Ä–æ–µ–∑–¥ –æ—Ç –∑–∞–º–∫–∞, –æ–Ω –≤–∏–¥–∏—Ç–µ–ª–∏ –∑–∞–±—ã–ª —Å –∫–∞—Ä—Ç–æ—á–∫–∏ —Å–Ω—è—Ç—å, –∞ –º–æ—Ä–æ–∂–µ–Ω–Ω—ã–º –¥–∞–≤–∏—Ç—å—Å—è –æ—Ç –≥–æ–ª–æ–¥–∞ –∫–∞—Ä—Ç–æ—á–∫–∞ –Ω–∞—à–ª–∞—Å—åüòØ –ù–µ—Ö–≤–∞—Ç–∞–ª–æ —á—Ç–æ–±—ã –ø—Ä–∏ –º–Ω–µ –µ—â—ë –∫–æ–Ω—Ç—Ä–æ–ª–ª—ë—Ä—ã –µ–≥–æ —à—Ç—Ä–∞—Ñ–æ–≤–∞–ª–∏ –∏ –º–µ–Ω—è —Å—Ç—ã–¥–∏–ª–∏."
"05/07/2017","Food","-19.0","–°—Ç—Ä–∞–∂–∏ –ì–∞–ª–∞–∫—Ç–∏–∫–∏ –¥–≤–∞ –±–∏–ª–µ—Ç–∞"
"05/02/2017","Food","-9.3","–ø–∞–π–∫–∞"
"05/02/2017","Consumables","-23.63","–ü—Ä–æ–µ–∑–¥–Ω–æ–π –Ω–∞ –ú–∞–π"
"05/02/2017","Food","-14.32","–ø–∞–π–∫–∞"
"05/02/2017","Food","-18.82","–ø–∞–π–∫–∞"
"04/30/2017","Income","200.0","–≤—ã–ø–∏—Å–∫–∞ –≥—Ä–∏—Ç –æ—Ç–ø—É—Å–∫–Ω—ã–µ –∫–∞–∫–∏–µ-—Ç–æ"
"04/25/2017","Consumables","-4.63","–≥–µ–ª—å –¥–ª—è –¥—É—à–∞ —ñ –¥–≤–∞ –∫—É—Å–∫—ñ –±–ª–∞—Ç–Ω–æ–≥–∞ –≤–∞–Ω—é—á–∞–≥–∞ –º—ã–ª–∞ –ø–∞ –∞–∫—Ü—ã—ñ."
"04/25/2017","Food","-1.98","4 –ª –ú—ñ–Ω—Å–∫–∞–π –º—ñ–Ω–µ—Ä–∞–ª–∫—ñ"
"04/25/2017","Food","-9.48","–ø–∞–π–∫–∞"
"04/25/2017","Food","-16.88","–ø–∞–π–∫–∞"
"04/25/2017","Food","-36.42","–ø–∞–π–∫–∞"
"04/25/2017","Food","-10.53","–ø–∞–π–∫–∞"
"04/25/2017","Food","-13.07","–ü–∞–π–∫–∞"
"04/25/2017","Food","-16.76","\"Double Whisky\". Eau de toilette, made in France, Original."
"04/25/2017","Consumables","-2.0","–°–∫—ñ–¥–∞—á–Ω–∞—è –∫–∞—Ä–¥–∫–∞ —É –≤–æ—Å—Ç—Ä–∞—û —á—ã—Å—Ü—ñ–Ω—ñ, –ø–∞ —ë–π –∫—É–ø—ñ—û –¥–∑–µ—à–∞–≤–µ–π—à—ã –ø–∞—Ä—Ñ—é–º —ñ –¥–∞–ª—ñ –ø–∞—Ä–∞—à–∫–∞ –ø–∞—á–∫—É, –∑–∞–∞–æ—û–Ω—ñ—û –∞–Ω–∫–µ—Ç—É."
"04/25/2017","Consumables","-15.0","–∏–Ω—Ç–µ—Ä–Ω–µ—Ç –ú–∞–π"
"04/24/2017","Clothes","-112.77","Shoes in BHFO"
"04/24/2017","Work","-5.2","—à–∞–±–ª–æ–Ω –¥–ª—è –ø–ª–∏—Ç–∫–∏ –Ω–∞ –ê–ª–∏"
"04/19/2017","Bills","-165.0","–∫–≤–ø—Ç–ø–ª—Ç –∑–∞ –º–∞–π"
"04/19/2017","Food","-38.44","–ö–æ—Ä–º–∏–ª –±—Ä–æ –Ω–∞ –µ–≥–æ –î.—Ä –≤ –õ–∏–¥–æ."
"04/19/2017","Food","-26.74","–ø–∞–π–∫–∞"
"04/19/2017","Income","100.0","–∞–≤–∞–Ω—Å–µ–≥ –±—ã–ª –≤ —Ç—É –ø—è—Ç–Ω–∏—Ü—É –æ–∫–∞–∑–≤—Ü–∞"
"04/14/2017","Food","-13.22","–ø–∞–π–∫–∞"
"04/14/2017","Food","-21.06","–ø–∞–π–∫–∞"
"04/14/2017","Food","-12.27","–ø–∞–π–∫–∞"
"04/14/2017","Food","-0.39","–ø–∞–∫–µ—Ç–∏–∫ –∫–æ—Ñ–µ 3/1 –¥–ª—è –æ–±–Ω—É–ª–µ–Ω–∏—è –º—Ç–±"
"04/10/2017","Food","-11.36","–ø–∞–π–∫–∞"
"04/10/2017","Food","-24.78","–ø–∞–π–∫–∞"
"04/10/2017","Food","-20.67","–ø–∞–π–∫–∞"
"04/02/2017","Food","-16.75",""
"04/02/2017","Food","-7.38","–ø–∞–π–∫–∞"
"04/02/2017","Consumables","-14.89","–ø—Ä–æ–ø–∏—Ç–∫–∞ –¥–ª—è –∫—É—Ä—Ç–∫–∏ –∏ –∫—Ä–µ–º –¥–ª—è –æ–±—É–≤–∏"
"04/02/2017","Food","-8.24","–ø–∞–π–∫–∞"
"04/01/2017","Food","-15.51","–ø–∞–π–∫–∞"
"04/01/2017","Food","-20.26","–ø–∞–π–∫–∞"
"03/30/2017","Food","-11.74","–ø–∞–π–∫–∞"
"03/28/2017","Bills","-4.76","–∑–∞ –≥–∞–∑ –≤ –†–æ–≥–∞—á—ë–≤–µ"
"03/28/2017","Food","-11.75","–ø–∞–π–∫–∞"
"03/28/2017","Bills","-15.0","–∏–Ω—Ç–µ—Ä–Ω–µ—Ç"
"03/28/2017","Bills","-23.63","–ø—Ä–æ–µ–∑–¥–Ω–æ–π –ê–ø—Ä–µ–ª—å"
"03/27/2017","Bills","-15.0","—Ç—É–ø–∞–Ω—É–ª –∏ –∫–∏–Ω—É–ª –Ω–∞ —Ç–µ–ª–µ—Ñ–æ–Ω –≤–º–µ—Å—Ç–æ –Ω—ç—Ç–∞"
"03/27/2017","Food","-21.47","–ø–∞–π–∫–∞"
"03/27/2017","Food","-14.37","–ø–∞–π–∫–∞"
"03/27/2017","Food","-9.39","–ø–∞–π–∫–∞"
"03/27/2017","Food","-30.05","–ø–∞–π–∫–∞"
"03/25/2017","Income","830.0","–∑—Ä–ø–ª—Ç–∫"
"03/24/2017","Bills","-165.0","–∫–≤—Ä—Ç–ø–ª—Ç –∑–∞ –ê–ø—Ä–µ–ª—å"
"03/22/2017","Food","-8.24","food"
"03/22/2017","Food","-11.3","food"
"03/22/2017","Food","-16.17","food"
"03/22/2017","Food","-5.21","food"
"03/16/2017","Income","100.0","–∞–≤–∞–Ω—Å–µ–≥"
"03/16/2017","Food","-13.33","–ø–∞–π–∫–∞"
"03/16/2017","Med","-1.81","—Ö–ª–æ—Ä–≥–µ–∫—Å–µ–¥–∏–Ω 100–º–ª"
"03/14/2017","Food","-17.79","–ø–∞–π–∫–∞"
"03/14/2017","Food","-17.73","–ø–∞–π–∫–∞"
"03/14/2017","Food","-26.93","–ø–∞–π–∫–∞"
"03/09/2017","Food","-79.0","–°–µ—Ä–µ–±—Ä–æ"
"03/09/2017","Food","-20.43","–ø–∞–π–∫–∞"
"03/06/2017","Income","710.0","–∑—Ä–ø–ª–∞—Ç–∫–∞ –∫–æ—Ç–æ—Ä–∞—è –¥–æ–ª–∂–Ω–∞ –±—ã–ª–∞ –±—ã—Ç—å 25.02 "
"03/06/2017","Food","-12.33","–ø–∞–π–∫–∞"
"03/06/2017","Food","-18.59","–ø–∞–π–∫–∞"
"03/06/2017","Food","-10.47","–ø–∞–π–∫–∞"
"03/03/2017","Food","-15.84","–ø–∞–π–∫–∞"
"03/03/2017","Food","-24.33","–ø–∞–π–∫–ø"
"02/27/2017","Food","-18.14","–ø–∞–π–∫–∞"
"02/27/2017","Food","-13.27","–ø–∞–π–∫–∞"
"02/27/2017","Food","-4.81","–ø–∞–π–∫–∞"
"02/27/2017","Food","-14.87","–ø–∞–π–∫–∞"
"02/23/2017","Consumables","-15.0","–∏–Ω—Ç–µ—Ä–Ω–µ—Ç –ú–∞—Ä—Ç"
"02/23/2017","Food","-17.83","–ø–∞–π–∫–∞"
"02/21/2017","Food","-68.5","Hot blood 3.0"
"02/21/2017","Food","-16.12","–ø–∞–π–∫–∞"
"02/21/2017","Bills","-165.0","–∫–≤—Ä—Ç–ø–ª—Ç–∫–∞ –∑–∞ –º–∞—Ä—Ç"
"02/19/2017","Food","-18.7","–ø–∞–π–∫–∞"
"02/19/2017","Food","-16.99","–ø–∞–π–∫–∞"
"02/19/2017","Food","-13.71","–ø–∞–π–∫–∞"
"02/19/2017","Food","-25.1","–ø–∞–π–∫–∞"
"02/19/2017","Food","-12.94","–ø–∞–π–∫–∞"
"02/16/2017","Income","100.0","–ê–≤–∞–Ω—Å–µ–≥"
"02/12/2017","Food","-20.79","–ø–∞–π–∫–∞"
"02/11/2017","Clothes","-41.16","–ë–æ–º–±–µ—Ä –Ω–∞ e-bay"
"02/09/2017","Food","-16.2","–ø–∞–π–∫–∞"
"02/07/2017","Food","-11.72","–ø–∞–π–∫–∞"
"02/07/2017","Food","-16.92","–ø–∞–π–∫–∞"
"02/06/2017","Food","-22.25","–ø–∞–π–∫–∞"
"02/02/2017","Food","-16.6","–ø–∞–π–∫–∞"
"01/29/2017","Food","-22.41","–ø–∞–π–∫–∞"
"01/29/2017","Food","-18.61","–ø–∞–π–∫–∞"
"01/29/2017","Food","-25.52","–ø–∞–π–∫–∞"
"01/25/2017","Income","810.0","–∑—Ä–ø–ª—Ç–∫–∞"
"01/24/2017","Bills","-165.0","–∫–≤—Ä—Ç–ø–ª—Ç–∫ –∑—Å –§–µ–≤—Ä–∞–ª—å"
"01/24/2017","Food","-12.25","–ø–∞–π–∫–∞"
"01/24/2017","Food","-19.32","–ø–∞–π–∫–∞"
"01/23/2017","Consumables","-15.0","–∏–Ω—Ç–µ—Ä–Ω–µ—Ç –∑–∞ –§–µ–≤—Ä–∞–ª—å"
"01/23/2017","Bills","-7.23","–∑–∞ –≥–∞–∑ —Å –ø–µ–Ω—ë–π –∑–∞ –¥–µ–∫–∞–±—Ä—å —Å –º—Ç–± –∫–∞—Ä–¥"
"01/21/2017","Food","-20.74","–ø–∞–π–∫–∞"
"01/21/2017","Food","-15.22","–ø–∞–π–∫–∞"
"01/17/2017","Income","100.0","–∞–≤–∞–Ω—Å–µ–≥"
"01/15/2017","Food","-14.4",""
"01/15/2017","Food","-27.21","–ø–∞–π–∫–∞"
"01/15/2017","Food","-14.18","–ø–∞–π–∫–∞, —Ä–∞–∑–±–∏–ª –±–ª—è—Ç—å –¥–µ—Å—è—Ç–æ–∫ —è–∏—Ü –≤ –º–∞–≥–∞–∑–∏–Ω–µ –Ω–æ –Ω–µ —Ç—Ä–µ–±–æ–≤–∞–ª–∏."
"01/15/2017","Food","-21.0","Royal Kebab x 2 and coffee x 2"
"01/12/2017","Food","-19.28","–ø–∞–π–∫–∞"
"01/12/2017","Food","-24.11","–ø–∞–π–∫–∞"
"01/12/2017","Food","-23.43","–ø–∞–π–∫–∞"
"01/12/2017","Food","-17.01","–ø–∞–π–∫–∞"
"01/04/2017","Consumables","-23.63","–ø—Ä–æ–µ–∑–¥–Ω–æ–π –Ø–Ω–≤–∞—Ä—å"
"12/30/2016","Food","-25.33","–ø–∞–π–∫–∞"
"12/30/2016","Food","-24.11","–ø–∞–π–∫–∞"
"12/30/2016","Food","-11.11","–ø–∞–π–∫–∞"
"12/30/2016","Income","490.0","–∑–∞—Ä–ø–ª–∞—Ç–∫–∞"
"12/25/2016","Consumables","-37.0","interner January –∏ –ø—Ä–æ–µ–∑–¥–Ω–æ–π –Ø–Ω–≤–∞—Ä—å"
"12/25/2016","Food","-16.29","–ø–∞–π–∫–∞"
"12/25/2016","Food","-9.48","–ø–∞–π–∫–∞"
"12/25/2016","Food","-4.87","–ø–∞–π–∫–∞"
"12/25/2016","Med","-0.58","–ø–ª–∞—Å—Ç—ã—Ä—å"
"12/25/2016","Food","-17.94","–ø–∞–π–∫–∞"
"12/25/2016","Food","-17.98","–ø–∞–π–∫–∞"
"12/25/2016","Food","-10.01","–ø–∞–π–∫–∞"
"12/23/2016","Bills","-165.0","–∫–≤–∞—Ä—Ç–ø–ª–∞—Ç–∞ –∑–∞ —è–Ω–≤–∞—Ä—å"
"12/19/2016","Fun","-2.0","–∫—É–ø–∏–ª –∫–∞–º–µ—Ä—É –Ω–∞ —Ä–µ–∑–∏–Ω–∫–∏ –¥–ª—è –≤–æ–ª–æ—Å, –Ω–æ –ø—É—Å—Ç—å –ø–æ–ª–µ–∂–∏—Ç –±—É–¥–µ—Ç —Ç—é–±–∏–Ω–≥ —Å –≥–æ—Ä–∫–∏ –ª–µ—Ç–µ—Ç—å üòµüôåüò£"
"12/18/2016","Food","-17.37","–ø–∞–π–∫–∞"
"12/18/2016","Food","-15.9","–ø–∞–π–∫–∞"
"12/18/2016","Food","-18.77","–ø–∞–π–∫–∞"
"12/18/2016","Food","-25.91","–ø–∞–π–∫–∞"
"12/18/2016","Food","-15.9","–ø–∞–π–∫–∞"
"12/18/2016","Food","-2.39","–ø–∞–π–∫–∞"
"12/18/2016","Food","-38.81","–∑–∞–µ–±—Å—å —Ü–µ–Ω—ã –¥–∞? –ø–∞–π–∫–∞"
"12/18/2016","Income","100.0","–∞–≤–∞–Ω—Å–µ–≥"
"12/08/2016","Food","-12.4","–ø–∞–π–∫–∞"
"12/05/2016","Food","-13.51","–ø–∞–π–∫–∞"
"12/05/2016","Food","-21.44","–ø–∞–π–∫–∞"
"11/30/2016","Food","-26.08","–ø–∞–π–∫–∞"
"11/30/2016","Food","-15.07","–ø–∞–π–∫–∞"
"11/30/2016","Med","-1.81","—Ö–ª–æ—Ä–≥–µ–∫—Å–∏–¥–∏–Ω 1–±"
"11/30/2016","Consumables","-22.5","–ø—Ä–æ–µ–∑–¥–Ω–æ–π December"
"11/27/2016","Food","-26.52","–ø–∞–π–∫–∞"
"11/27/2016","Food","-16.97","–ø–∞–π–∫–∞"
"11/27/2016","Food","-21.23","–ø–∞–π–∫–∞"
"11/27/2016","Food","-35.68","–ø–∞–π–∫–∞"
"11/27/2016","Food","-15.29","–ø–∞–π–∫–∞"
"11/26/2016","Consumables","-15.0","–∏–Ω—Ç–µ—Ä–Ω–µ—Ç –î–µ–∫–∞–±—Ä—å"
"11/25/2016","Income","700.0","–∑—Ä–ø–ª—Ç–∫"
"11/23/2016","Bills","-165.0","–∫–≤—Ä—Ç–ø–ª—Ç –î–µ–∫–∞–±—Ä—å"
"11/19/2016","Income","100.0","avanseg"
"11/17/2016","Food","-14.46",""
"11/13/2016","Food","-4.47","–ø–∞–π–∫–∞"
"11/13/2016","Food","-10.69","–ø–∞–π–∫–∞"
"11/13/2016","Bills","-4.87","–∑–∞ –≥–∞–∑ –∑–∞ 09.2116"
"11/13/2016","Food","-23.77","–ø–≤–π–∫–∞"
"11/13/2016","Food","-11.45","–ø–∞–π–∫–∞"
"11/13/2016","Food","-12.13","–ø–∞–π–∫–∞"
"11/13/2016","Food","-10.74","–ø–∞–π–∫–∞"
"11/06/2016","Food","-13.79","–ø–∞–π–∫–∞"
"11/06/2016","Food","-21.95","–ø–∞–π–∫–∞"
"11/06/2016","Food","-18.99","–ø–∞–π–∫–∞"
"11/06/2016","Food","-26.78","–ø–∞–π–∫–∞"
"11/06/2016","Consumables","-1.1","–º–µ—Ç—Ä–æ‚Üï"
"11/06/2016","Food","-21.17","–ø–∞–π–∫–∞"
"11/06/2016","Food","-17.9","–ø–∞–π–∫–∞"
"11/01/2016","Consumables","-1.0","—Ä–µ–∑–∏–Ω–∫–∏ –¥–ª—è –≤–æ–ª–æ—Å –Ω–∞ –ê–ª–∏ –∑–∞ $ 0,55"
"10/28/2016","Consumables","-22.5","–ø—Ä–∞—è–∑–¥–Ω—ã –ù–æ—è–±—Ä—å"
"10/27/2016","Consumables","-15.0","—ñ–Ω—Ç—ã—Ä–Ω–µ—Ç—ã"
"10/25/2016","Income","900.0","–∑—Ä–ø–ª—Ç–∫"
"10/21/2016","Food","-14.36","—è–π—Ü–∞, –∫–æ–ª–±–∞—Å–∞"
"10/21/2016","Food","-19.27","–ø–∏–ª–∏–º–µ—à–∫–∏, —Ö–ª–µ–±, —Ç–≤–∞—Ä–æ–≥"
"10/19/2016","Food","-11.32","–ø–∞–π–∫–∞"
"10/17/2016","Income","100.0","avanseg"
"10/16/2016","Food","-7.73","–ï—û –∑ –±—Ä–∞—Ç–∞–º —Å–∞—Å—ñ—Å–∫—ñ —ñ –ø—ñ—û –π–æ–≥—É—Ä—Ç"
"10/16/2016","Food","-1.65","–ü—ñ—û –π–æ–≥—É—Ä—Ç —É –ø–∞–¥–∞—Ä–æ–∂–∂—ã –Ω–∞ –ñ–¥–∞–Ω—ã –∑–∞ –∫—É—Ä—Ç–∫–∞–π"
"10/16/2016","Med","-0.42","–¢-–±—É–º–∞–≥–∞ —É –ü—Ä–∞—Å—Ç–æ—Ä—ã, —á—É—Ü—å –∫—ñ—à–∫—ñ –Ω–µ –ø–∞—Ä–≤–∞—û, —ñ –∞–∫–∞–∑–≤–∞–µ—Ü—Ü–∞ —è–Ω—ã –Ω–∞ –∫–∞—Å–µ –¥–∞–±–∞—û–ª—è—é—Ü—å —à—á—ç –ù–î–°, —Ç.–µ —Ü–∞–Ω–∞ —Ç–∞–≤–∞—Ä–∞ –Ω–µ –∫–∞–Ω—á–∞—Ç–∫–æ–≤–∞—è."
"10/16/2016","Med","-0.5","–ü–∞—Å—Ä–∞—û —É –ø–µ—Ä–∞—Ö–æ–¥–∑–µ –Ω–∞ –ú–∞–ª—ñ–Ω–∞—û—Ü—ã."
"10/16/2016","Food","-16.97","–ø–µ–ª—å–º–µ—à–∫–∏ –∏ —Ö–ª–µ–± –∏ –ø–∞–π–∫–∞"
"10/15/2016","Food","-15.82","–ø–∞–π–∫–∞ —ñ –∫–æ—Ñ–µ"
"10/12/2016","Bills","-165.0","–ù–æ—è–±—Ä—å –∫–≤—Ä—Ç–ø–ª—Ç"
"10/12/2016","Bills","-330.0","–∫–≤—Ä—Ç–ø–ª—Ç–∞ –û–∫—Ç—è–±—Ä—å –∏ –ù–æ—è–±—Ä—å"
"10/10/2016","Food","-13.75","–ø–∞–π–∫–∞"
"10/10/2016","Food","-9.75","–ø–∞–π–∫–∞"
"10/10/2016","Food","-4.66","—Ç—Ä–∏ –±—É–ª–∫–∏"
"10/09/2016","Clothes","-45.0","Urban camo pants with fleece"
"10/08/2016","Food","-11.08","–ø–∞–π–∫–∞"
"10/08/2016","Food","-25.16","–ø–∞–π–∫–∞"
"10/02/2016","Med","-3.44","2—Ö —Ö–ª–æ—Ä–≥–µ–∫—Å–µ–¥–∏–Ω"
"10/02/2016","Food","-14.21","–ø–≤–π–∫–∞"
"10/02/2016","Food","-8.8","–≥–≤–æ–∑–¥–∏–∫–∞ –ø–æ 8800 —Ö 10–ø"
"09/28/2016","Food","-20.57","–ø–∞–π–∫–∞ —ñ 2 –ù–õ –ø—Ä–æ—Ç/–º–∞–ª—ã—à"
"09/28/2016","Med","-1.48","–∫—Ä—ç–º –¥–ª—è —Ç–≤–∞—Ä—É"
"09/27/2016","Consumables","-15.0","internet"
"09/26/2016","Food","-2.0","–Ω–∞ —Ç–µ–ª  098 –æ–±–µ—â–∞–ª–∏ +250–º–±"
"09/26/2016","Consumables","-22.5","–û–∫—Ç—è–±—Ä—å –∞–≤—Ç–æ–±—É—Å –ø—Ä–æ–µ–∑–¥–Ω–æ–π"
"09/25/2016","Food","-30.01","–ø–∞–π–∫–∞, –∫–æ—Ñ–µ –∏ –¥–æ–º–µ—Å—Ç–æ—Å –∑–∞ 2,99—Ä"
"09/25/2016","Food","-8.83","–ø–∞–π–∫–∞ –∏ –∫–æ—Ñ–µ"
"09/25/2016","Food","-17.0","–ø–∞–π–∫–∞"
"09/20/2016","Food","-10.54","–ø–∞–π–∫–∞"
"09/20/2016","Food","-15.96","–ø–∞–π–∫–∞"
"09/20/2016","Food","-7.87","–ø–∞–π–∫–∞"
"09/20/2016","Food","-4.62","–ø–∞–π–∫–∞"
"09/14/2016","Income","4.0","–ù–∞—à—ë–ª –Ω–æ–≤–æ–≥–æ–¥–Ω—é—é —Å–∞–Ω—Ç–∞ —à–∞–ø–æ—á–∫—É."
"09/13/2016","Food","-12.9","–ø–∞–π–∫–∞"
"09/13/2016","Food","-6.43","–ø–∞–π–∫–∞"
"09/09/2016","Food","-8.05","–ø–∞–π–∫–∞"
"09/09/2016","Food","-8.95","–ø–∞–π–∫–∞"
"09/08/2016","Food","-16.56","–ø–∞–π–∫–∞"
"09/08/2016","Food","-2.08","–º—ã–ª–æ —Ö–æ–∑"
"09/08/2016","Food","-25.63","–ø–∞–π–∫–∞"
"09/04/2016","Food","-24.15","–ø–∞–π–∫–∞"
"09/04/2016","Consumables","-6.8","–º—ã–ª–æ –∏ –ø–æ—Ä–æ—à–æ–∫"
"09/04/2016","Income","900.0","–∑—Ä–ø–ª—Ç–∫"
"09/01/2016","Food","-14.12","–ø–∞–π–∫–∞ –∏ –±–∞–ª–æ–Ω –∑–∞—â–∏—Ç—ã –æ–±—É–≤–∏ –∏ —Ç–∫–∞–Ω–∏"
"08/31/2016","Bills","-9.92","–∑–∞ –≥–∞–∑ –∏ —á—É—Ç—å —Å–≤–µ—Ç–∞"
"08/29/2016","Food","-11.15","–ø–∞–π–∫–∞"
"08/29/2016","Food","-1.91","–ø–∞–π–∫–∞"
"08/29/2016","Food","-23.52","–ø–∞–π–∫–∞"
"08/28/2016","Consumables","-38.0","–Ω—ç—Ç –°–µ–Ω—Ç—è–±—Ä—å –∏ –ø—Ä–æ–µ–∑–¥–Ω–æ–π –°–µ–Ω—Ç—è–±—Ä—å"
"08/27/2016","Food","-20.94",""
"08/26/2016","Income","950.0","–∑—Ä–ø–ª—Ç–∫"
"08/26/2016","Food","-22.5","–ø—Ä–æ–µ–∑–¥–Ω–æ–π —Å–µ–Ω—Ç—è–±—Ä—å"
"08/23/2016","Food","-11.4","–ø–∞–π–∫–∞"
"08/23/2016","Bills","-165.0","–∫–≤—Ä—Ç–ø–ª—Ç –∑–∞ —Å–µ–Ω—Ç—è–±—Ä—å"
"08/21/2016","Food","-29.93","–ø–∞–π–∫–∞"
"08/19/2016","Consumables","-1.0","–Ω–∞ —Å—ñ–º–∫—Ü —Å –Ω—ç—Ç–æ–º –¥–ª—è –ø—Ä–æ–≤–µ—Ä–∫–∏ –∑–∞–ø–∞–¥–ª–∞ –ª–∞–π—Ñ"
"08/17/2016","Food","-11.07","–ø–∞–π–∫–∞"
"08/15/2016","Food","-33.39","–ø–∞–π–∫–∞"
"08/14/2016","Fun","-30.74","–ª—ñ–¥–æ –±—Ä–æ"
"08/14/2016","Fun","-9.92","–ø—ñ—Ü–∞ –±—Ä–æ —ñ –∫–æ—Ñ–µ"
"08/14/2016","Food","-22.0","–∞–µ–≥–µ—Ç–∞—Ä–∏–∞–Ω—Å–∫–∞—è —à–∞–≤–µ—Ä–º–∞ –∏ —Å–æ–∫ duble"
"08/14/2016","Fun","-19.0","–∫–∏–Ω–æ 2—Ö–±–∏–ª–µ—Ç–∞"
"08/12/2016","Food","-18.8","–ø–∞–π–∫–∞"
"08/11/2016","Food","-12.82","–ø–∞–π–∫–∞"
"08/11/2016","Food","-8.82","–ø–∞–π–∫–∞"
"08/08/2016","Food","-12.42","–ø–∞–π–∫–∞"
"08/05/2016","Consumables","-0.58","–ê—Ç–æ–ª–∏–Ω–æ –µ—Ö–∞–ª –∏–∑ –≤–µ—Ç.–ø—Ä–∏—ë–º–Ω–∏–∫–∞"
"08/05/2016","Food","-12.77","–ø–∞–π–∫–∞"
"08/05/2016","Bills","-165.0","–∫–≤—Ä—Ç–ø–ª—Ç –∑–∞ –ê–≤–≥—É—Å—Ç"
"08/03/2016","Food","-88.3","–ø–∞–π–∫–∞"
"08/01/2016","Food","-10.3","–ø–∞–π–∫–∞"
"07/31/2016","Food","-17.87","–ø–∞–π–∫–∞"
"07/31/2016","Future Company","-3.6","–±–µ–ª–∞—è —Å–≤–µ—Ç–æ–æ—Ç—Ä–∞–∂–∞—é—â–∞—è –ª–µ–Ω—Ç–∞ –Ω–∞ –∞–ª–∏"
"07/30/2016","Food","-22.69","–ø–∞–π–∫–∞"
"07/30/2016","Food","-4.15","—É–≥–æ–ª—å –≤ —Ñ–∏–ª—å—Ç—Ä—ã"
"07/29/2016","Food","-11.95","–ø–∞–π–∫–∞ "
"07/29/2016","Consumables","-3.0","–ø—Ä–æ—Å—Ä–∞–ª, –Ω–µ —É–¥–∞–ª–æ—Å—å –∞–≤—Ç–æ–º–∞—Ç–∏—á–µ—Å–∫–∏ –ø–æ–¥–∫–ª—é—á–∏—Ç—å —Ç—Ä–∞—Ñ—Ñ–∏–∫."
"07/27/2016","Food","-9.03","–ø–∞–π–∫–∞"
"07/25/2016","Income","870.0","–∑–∞—Ä–ø–ª–∞—Ç–∫–∞"
"07/25/2016","Consumables","-22.5","–ø—Ä–æ–µ–∑–¥–Ω–æ–π Augustus"
"07/24/2016","Food","-12.7","–ø–∞–π–∫–∞"
"07/24/2016","Consumables","-15.0","—ñ–Ω—Ç–µ—Ä–Ω–µ—Ç –∑–∞ –∞–≤–≥—É—Å—Ç"
"07/24/2016","Med","-21.72","Enlarger"
"07/22/2016","Food","-11.51","–ø–∞–π–∫–∞"
"07/22/2016","Food","-6.17","–∫–æ–ª–±–∞—Å–∞ –∏ –≥–≤–æ–∑–¥–∏–∫–∞"
"07/22/2016","Food","-14.65","—Ç—Ä—É–±–æ—á–∫–∏ –∏ –æ—Ä–µ—à–∫–∏ 900–≥—Ä —Ö 2"
"07/20/2016","Food","-10.93","–ø–∞–π–∫–∞"
"07/18/2016","Food","-1.4","—Å–∏–ª–∏–∫–æ–Ω–æ–≤—ã–π –∫—Ä–µ–º"
"07/17/2016","Food","-6.38","–ø–∞–π–∫–∞"
"07/17/2016","Food","-6.0","–ø—è—á—ç–Ω–Ω–µ"
"07/17/2016","Food","-1.1","–º–µ—Ç—Ä–æ —Ç—É–¥–∞-–Ω–∞–∑–∞–¥"
"07/16/2016","Food","-7.78","–ø–∞–π–∫–∞"
"07/16/2016","Food","-14.34","–ø–∞–π–∫–∞"
"07/16/2016","Food","-7.28","–ø–∞–π–∫–∞"
"07/16/2016","Food","-6.16","–ø–∞–π–∫–∞"
"07/15/2016","Income","100.08","–∞–≤–∞–Ω—Å?"
"07/13/2016","Food","-8.39","–ø–∞–π–∫–∞"
"07/11/2016","Food","-7.45","–ø–∞–π–∫–∞"
"07/11/2016","Food","-33.4","–ø–∞–π–∫–∞"
"07/08/2016","Food","-2.8","2–± –±—ã—á–∫–æ–≤ –∫–æ–Ω—Å."
"07/07/2016","Food","-11.65","–ø–∞–π–∫–∞"
"07/05/2016","Med","-5.86","–æ—Ç–±–µ–ª–∏–≤–∞—é—â–∏–π –∫—Ä–µ–º"
"07/05/2016","Food","-12.09","–ø–∞–π–∫–∞"
"07/03/2016","Food","-23.63","–Ω–∞–ø–∏—Ç–∫–∏ –∏ –±–µ–ª—è—à–∏"
"07/03/2016","Clothes","-24.0","–®–∞–±–µ—Ç–∞"
"07/03/2016","Consumables","-2.2","–º–µ—Ç—Ä–æ"
"07/03/2016","Food","-13.28","–Ω–∞–ø–∏—Ç–∫–∏ –∏ –º—ã–ª–∞"
"07/02/2016","Food","-14.91","—Å—Ç—ñ—Ä –ø–∞—Ä–∞—à–æ–∫, –∫—Ä–µ–º –∞–¥ —Å–æ–Ω—Ü–∞ —ñ–≥–µ–ª—å –¥–ª—è –¥—É—à–∞ \"Dove\""
"07/02/2016","Food","-12.03","–∫–∞—û–±–∞—Å—Å–µ"
"07/02/2016","Food","-16.4","–ø–∞–π–∫–∞"
"07/02/2016","Food","-4.5","—Å—ã—Ä –∏ –ø—è—á—ç–Ω–Ω–µ"
"06/29/2016","Food","-18.5","–ø–∞–π–∫–∞"
"06/28/2016","Food","-9.2","–∫–æ–Ω—Å–µ—Ä–≤—ã"
"06/27/2016","Food","-12.5",""
"06/25/2016","Food","-16.0","–ø–∞–π–∫–∞"
"06/25/2016","Consumables","-13.0","–∏–Ω—Ç–µ—Ä–Ω–µ—Ç –∏—é–ª—å"
"06/24/2016","Income","850.0","–∑—Ä–ø–ª—Ç–∫"
"06/24/2016","Food","-10.2","–ø–∞–π–∫–∞"
"06/22/2016","Food","-29.5","–ø–∞–π–∫–∞"
"06/22/2016","Consumables","-22.5","–ø—Ä–æ–µ–∑–¥–Ω–æ–π –ò—é–ª—å"
"06/21/2016","Food","-6.0","–∫–æ–Ω—Å–µ—Ä–≤—ã"
"06/21/2016","Bills","-165.0","–∫–≤—Ä—Ç–ø–ª—Ç –∑–∞ –ò—é–ª—å"
"06/19/2016","Food","-13.9","–ø–∞–π–∫–∞"
"06/19/2016","Food","-28.7","–ø–∞–π–∫–∞"
"06/18/2016","Income","100.0","–∞–≤–∞–Ω—Å?"
"06/17/2016","Food","-6.0","–∫–æ–Ω—Å–µ—Ä–≤—ã"
"06/14/2016","Food","-5.9","two conserve meet"
"06/13/2016","Food","-23.8","–ø–∞–π–∫–∞"
"06/10/2016","Food","-25.2","–ø–∞–π–∫–∞"
"06/10/2016","Food","-9.2","—Å—ã—Ä —ñ —Ü—ã–∫–æ—Ä—ñ–π"
"06/08/2016","Food","-3.6","–≥–≤–æ–∑–¥–∏–∫–∞"
"06/07/2016","Food","-18.4","–ø–∞–π–∫–∞"
"06/07/2016","Food","-6.1","–∫–∞–ª–±–∞—Å–∫–∞ –∫–µ—Ç—á—É–ø"
"06/03/2016","Food","-9.8","3—Å—ã—Ä - 25 –∏ —Ü–∏–∫–æ—Ä–∏–π"
"06/02/2016","Food","-15.7","–ø–∞–π–∫–≤"
"06/02/2016","Consumables","-4.6","–î–≤–∞ –∫—É—Å–∫–∞  –º—ã–ª–∞ Dove"
"06/01/2016","Food","-1.1","–º—ñ–Ω–µ—Ä–∞–ª–∞—á–∫–∞ –¥–ª—è –∞–±—ñ–±–æ—á–∫—ñ"
"05/30/2016","Food","-5.1","–∫–∞—û–±–∞—Å—Å–µ"
"05/30/2016","Food","-22.4","–ø–∞–π–∫–∞"
"05/29/2016","Consumables","-1.1","–º–µ—Ç—Ä–æ"
"05/29/2016","Food","-22.5","–ø–∞–π–∫–∞ —É –≥–æ—Ä–∞–¥–∑—ñ –∑ –±—Ä–∞—Ç–∞–º"
"05/29/2016","Consumables","-16.0","–û–±–ª–æ–∂–∫–∞ –Ω–∞ –ø–∞—Å–ø–æ—Ä—Ç"
"05/29/2016","Consumables","-15.0","–ò–Ω—Ç–µ—Ä–Ω–µ—Ç –ò—é–Ω—å"
"05/26/2016","Income","980.0","Zarpltka"
"05/26/2016","Food","-10.0","—Ü—ñ–∫–æ—Ä—ñ–π —ñ —Å—ã—Ä –ø–æ—Ö–æ–¥—É —É–∂–µ 25 + –∫–æ–Ω—Å–µ—Ä–≤–∞ –∑–∞ 8—Ç"
"05/26/2016","Food","-14.5","–ø–∞–π–∫–∞"
"05/23/2016","Consumables","-22.5","–ø—Ä–æ–µ–∑–¥–Ω–æ–π –Ω–∞ –ò—é–Ω—å"
"05/22/2016","Bills","-160.0","–¢–∞—Ç—å—è–Ω–µ –∑–∞ –ò—é–Ω—å"
"05/22/2016","Med","-1.8","—Ö–ª–æ—Ä–≥–µ–∫—Å–µ–¥—ñ–Ω–∞ bottle"
"05/22/2016","Food","-25.6","–ø–∞–π–∫–∞ —ñ –º—ã–ª–∞ –∫—É—Å–æ–∫"
"05/22/2016","Food","-4.9","–∫–∞—û–±–∞—Å—Å–µ"
"05/17/2016","Food","-4.2","—Ü–∏–∫–æ—Ä–∏–π 3—Ö14"
"05/15/2016","Food","-7.7","–∫–∞–ª–±–∞—Å–∫–∞"
"05/15/2016","Food","-24.3","–ø–∞–π–∫–∞ —Å—Ç–∞–Ω–¥–∞—Ä—Ç–Ω—ã–π –Ω–∞–±–æ—Ä –∫–æ—Ç–æ—Ä—ã–π –≥–æ–¥ –Ω–∞–∑–∞–¥ —Å—Ç–∏–ª 150"
"05/15/2016","Food","-17.3","–ø–∞–π–∫–∞"
"05/15/2016","Income","20.0","–æ—Ç–∫–∞–∑–∞–ª—Å—è –ø–æ–ª—å–∑–æ–≤–∞—Ç—å—Å—è —Å—Ç–∏—Ä–∞–ª–∫–æ–π"
"05/10/2016","Clothes","-30.0","klapki zori"
"05/09/2016","Food","-12.1","–ø–∞–π–∫–∞"
"05/09/2016","Food","-25.4","–ø–∞–π–∫—è—û"
"05/09/2016","Consumables","-2.8","toothpaste and cream"
"05/09/2016","Food","-6.0","–∫–∞—û–±–∞—Å—Å–µ"
"05/06/2016","Food","-12.0","–≤–∫—É—Å–Ω—à–∫–µ"
"05/05/2016","Bills","-170.0","–¢–∞—Ç—å—è–Ω–µ –∑–∞ –∫–æ–º–æ—Ä–∫—É, –∑–∞ –ú–∞–π –ø–µ—Ä–µ—Ä–ª–∞—Ç–∞ 50 —Ç—ã—Å"
"05/04/2016","Food","-22.9","–ø–∞–π–∫–∞"
"05/01/2016","Food","-14.8",""
"05/01/2016","Food","-9.7","–∫–∞–ª–±–∞—Å—Å–µ"
"05/01/2016","Food","-17.7","–ø–∞–π–∫–∞"
"04/27/2016","Consumables","-18.0","–∏–Ω—Ç–µ—Ä–Ω–µ—Ç"
"04/27/2016","Income","360.0","—á–∞—Å—Ç—å –∑—Ä–ø–ª—Ç–∫–∏"
"04/26/2016","Consumables","-22.5","–ø—Ä–æ–µ–∑–¥–Ω–æ–π –Ω–∞ –ú–∞–π"
"04/26/2016","Food","-4.2","—Ü–∏–∫–æ—Ä–∏–π"
"04/25/2016","Food","-11.0","–ø–∞–π–∫–∞"
"04/24/2016","Food","-10.0","–ø–∞–π–∫–∞"
"04/24/2016","Food","-22.0","–ø–∞–π–∫–∞"
"04/20/2016","Food","-15.3","–ø–∞–π–∫—è"
"04/18/2016","Clothes","-63.1","Stelton jacket"
"04/18/2016","Food","-14.1","–ø–∞–π–∫–∞"
"04/18/2016","Food","-4.2","–∫–æ–ª–±–∞—Å–∞ –≤–∞—Ä—ë–Ω–∞—è"
"04/16/2016","Food","-17.8","–ø–∞–π–∫–∞ –∏ –±–∞–Ω–∫–∞ —Å –∑–∞–≤–∏–Ω—á–∏–≤.–∫—Ä—à–∫"
"04/16/2016","Future Company","-81.3","DWT"
"04/15/2016","Food","-2.8","—Ü–∏–∫–æ—Ä–∏–π 2–ø"
"04/13/2016","Clothes","-5.0","–ø–ª–∞—Ç–∞ –í–∞—Å–µ –∑–∞ —Ç–æ —á—Ç–æ –æ–Ω –ø—Ä–∏–≤–µ–∑—ë—Ç –î–∑–æ—Ä–∏"
"04/10/2016","Food","-22.9","–ø–∞–π–∫–∞"
"04/09/2016","Med","-61.5","BCAA, prot, one hot blood"
"04/09/2016","Med","-15.0","–≤–∏—Ç–∞–º–∏–Ω—ã —Å –º–∞–≥–Ω–∏–µ–º"
"04/09/2016","Clothes","-5.0","–ø–ª–∞—Å—Ç–º–∞—Å—Å–æ–≤–∞—è –º–æ–ª–Ω–∏—è –≤ –∫–æ–∂–∞–∫"
"04/08/2016","Bills","-2.0","–Ω–∞ —Ç–µ–ª–µ—Ñ–æ–Ω"
"04/07/2016","Food","-4.2","—Ü–∏–∫–æ—Ä–∏–π"
"04/03/2016","Food","-9.8","–ø–∞–π–∫–∞"
"04/03/2016","Food","-17.5","–ø–∞–π–∫–∞"
"03/28/2016","Food","-10.5","–ø–∞–π–∫–∞"
"03/27/2016","Bills","-14.9","internet April"
"03/27/2016","Bills","-1.5","–Ω–∞ –ª–∞–π—Ñ —á—Ç–æ–±—ç —Å–æ—Ö—Ä–∞–Ω—è—Ç—å —Ç—Ä–∞—Ñ–µ–≥"
"03/27/2016","Bills","-5.0","–ø–∏–¥–∞—Ä—ã —Å–ø–∏–∑–¥–∏–ª–∏ –∑–∞ –∏–≥—Ä—ã –≤ –∏–Ω—Ç—Ä–Ω—Ç–µ"
"03/27/2016","Consumables","-9.2","–º—ã–ª–∞ —ñ –ø–∞—Ä–∞–ø–∞–ø–ø–∞–ø–∞—Ä–∞—à–æ–∫"
"03/27/2016","Food","-24.5","–ø–∞–π–∫–∞"
"03/27/2016","Clothes","-60.0","19+7=26‚Ç¨ –¥–∂–∏–Ω—Å–∏–∫–∏ —á—ë—Ä–Ω –Ω–∞ –µ–±–∞—É"
"03/25/2016","Consumables","-0.7","–∑–∞–∂–∏–º –¥–ª—è –±—É–º–∞–≥"
"03/24/2016","Food","-17.1","–ø–∞–π–∫–∞"
"03/24/2016","Food","-10.1","–ø–∞–π–∫–∞"
"03/23/2016","Consumables","-22.5","–ø—Ä–æ–µ–∑–¥–Ω–æ–π –Ω–∞ –ê–ø—Ä–µ–ª—å"
"03/23/2016","Food","-7.2","4 –¥–µ—Å —è–∏—Ü"
"03/22/2016","Income","842.2","–∑—Ä–ø–ª—Ç–∫"
"03/22/2016","Bills","-194.0","–¢–∞—Ç—å—è–Ω–µ –∑–∞ –∞–ø—Ä–µ–ª—å"
"03/22/2016","Food","-20.9","–ø–∞–π–∫–∞"
"03/20/2016","Clothes","-63.4","slip-on —Ç–∞–ø–∫–∏ –Ω–∞ –µ–±–∞–π"
"03/18/2016","Food","-10.0","–ø–∞–π–∫–∞"
"03/16/2016","Food","-21.1","–ø–∞–π–∫–∞"
"03/15/2016","Food","-10.1","–∫—Ä—ã–ª—ã–Ω–∫–∏/–ø–ª–µ—á–æ –∏ 2 —Å–∞—Ä–¥–∏–Ω—ã –∫–æ–Ω—Å."
"03/13/2016","Food","-38.7","–ø–∞–π–∫–∞"
"03/11/2016","Food","-11.4","–ø–∞–π–∫–∞ –∏ –≤–∫—É—Å–Ω—à–∫"
"03/10/2016","Clothes","-18.6","–∫–∏–º–æ–Ω–æ —Å –µ–±–∞–π"
"03/10/2016","Food","-1.0","–º–∏–Ω–µ—Ä–∞–ª–∫–∞"
"03/09/2016","Income","20.0","—Å—ç–∫–∫–æ–Ω–æ–º–∏–ª –∫—É–ø–∏–≤ —Ä–∞–±–æ—á—É—é —Ñ–æ—Ä–º—É –∑–∞ 200"
"03/07/2016","Consumables","-2.4","–º—ã–ª–æ dove –∏ –¥–µ–≥—Ç—è—Ä–Ω–æ–µ"
"03/07/2016","Food","-17.6","–ø–∞–π–∫–∞"
"03/07/2016","Clothes","-20.0","—Ä–∞–±–æ—á–∏—Ü –∫–æ—Å—Ç—é–º"
"03/06/2016","Clothes","-60.0","–î–∂–∏–Ω—Å—ã –Ω–∞ –µ–±–∞–π"
"03/05/2016","Food","-6.2","—Ä–∞—Ñ–∏–Ω–∞–¥ —Ç–≤–æ—Ä–æ–≥ —è–π—Ü–∞"
"03/04/2016","Food","-8.0","–≤–∫—É—Å–Ω—è—Ç–∫–µ"
"03/04/2016","Food","-7.9","–ø–∞–π–∫–∞"
"03/03/2016","Income","590.1","–∑—Ä–ø–ª—Ç –∑–∞ —Ñ–µ–≤—Ä"
"03/03/2016","Food","-10.8","–≤–∫—É—Å–Ω—á–∫–µ –∞–Ω–¥ –ø–∞–π–∫—è—û"
"03/01/2016","Food","-21.9","–ø–∞–π–∫–∞"
"03/01/2016","Bills","-20.0","–∏–Ω—Ç–µ—Ä–Ω–µ—Ç"
"02/28/2016","Food","-20.1","–ø–∞–π–∫–∞"
"02/26/2016","Income","220.4","–ü–µ—Ä–≤ –∫—É—Å–æ–∫ –∑—Ä–ø–ª—ÇüòØ"
"02/26/2016","Food","-7.9","–ø–∞–π–∫–∞ –±—ë–¥—Ä—à–∫"
"02/23/2016","Food","-7.4","—É–∫—É—Å—å–Ω—è–∂–∫–µ –Ω–∞ 23 –ª—é—Ç–∞–≥–∞: —ç–∫–ª–µ—Ä–∑. –ø—è—á—ç–Ω–∫–µ –∞–Ω–¥ —Ç–≤–∞—Ä–æ–∂–Ω—ã –ø—Ä–∞–¥—É–∫—Ç –∑ –∫–ª—É–±–Ω—ñ—á–∫–∞–π"
"02/22/2016","Food","-25.3","–ø–∞–π–∫–∞"
"02/22/2016","Consumables","-22.5","–ø—Ä–æ–µ–∑–¥–Ω–æ–π –∑–∞ –ú–∞—Ä—Ç"
"02/22/2016","Food","-10.2","–ø–∞–π–∫–∞"
"02/21/2016","Income","60.0","–∫—É–ø–∏–ª 2–ø —Ä–∞–±.–æ–±—É–≤–∏ –ø–æ 100, –∫–æ—Ç–æ—Ä–∞—è —Å—Ç–æ–∏—Ç –ø–æ 400 —ç–∫–æ–Ω–æ–º–∏—è 600üòØ"
"02/21/2016","Clothes","-20.0","–î–∂–≤–µ –ø–∞—Ä—ã —Ä–∞–±–æ—á—ã—Ö –±–∞—Ü—ñ–Ω–∞–∫"
"02/21/2016","Income","1.1","—à–Ω—É—Ä–∫–∏ –≤ —Ä–∞–±–æ—á–∏–µ –±–æ—Ç–∏–Ω–∫–∏ –∏–∑ —à–Ω—É—Ä–∞ —Å–¥–µ–ª–∞–ª"
"02/19/2016","Bills","-194.0","–¢–∞—Ç—å—è–Ω–µ –∑–∞ –ú–∞—Ä—Ç"
"02/19/2016","Food","-12.8","–±—ë–¥—Ä—ã—à–∫–∏ –∏ —Å—ã—Ä"
"02/17/2016","Food","-9.7","–≥–æ—Ä–æ—à–µ–∫ –∫—É–∫—É—Ä—É–∑–∞ –∏ –¥–≤–µ –ø–∞—á–∫–∏ –±—ë–¥—Ä—ã—à–µ–∫"
"02/16/2016","Food","-9.2","–±—ë–¥—Ä—ã—à–∫–∏ –∏ 1–± –≥–æ—Ä–æ—à 12—Ç –∫—É–∫—É—Ä—É–∑–∞ 12—Ç"
"02/15/2016","Food","-22.6","–ø–∞–π–∫—è—û"
"02/12/2016","Food","-11.7","–±–µ–¥—Ä—à–∫ 2–∫–≥, –ø—è—á—ç–µ–Ω–µ –∏ —Å—ã—Ä"
"02/12/2016","Food","-21.9","–ø–∞–π–∫—è—û"
"02/09/2016","Food","-3.8","1–∫–≥ –±—ë–¥—Ä—ã—à–∫–∏ –∫—É—Ä"
"02/08/2016","Food","-28.2","–ø–∞–π–∫–∞"
"02/08/2016","Income","10.0","—Ö–æ—Ç–µ–ª –∫—É–ø–∏—Ç—å –¥–µ—à—ë–≤—ã–π —à—É–º–æ–º–µ—Ä –¥–ª—è –∏—Å—Å–ª–Ω–¥–æ–≤–∞–Ω–∏–π. –°–∫–∞—á–∞–ª –ø—Ä–æ–≥—É –¥–ª—è –∞–Ω–¥—Ä–æ–∏–¥. –°—ç–∫–æ–Ω–æ–º–∏–ª $5"
"02/07/2016","Fun","-4.5","–∫—Ä–æ–∫–æ–¥–∏–ª –∫—Ä–µ–ø–ª–µ–Ω–∏–µ –¥–ª—è —Å–º–∞—Ä—Ç–∞ 2$"
"02/05/2016","Food","-9.5","—ç–∫–ª–µ—Ä–∏ –∏ –ø–∞–π–∫–∞"
"02/05/2016","Food","-27.0","–ø–∞–π–∫–∞"
"02/05/2016","Food","-3.0","2–± –∫–æ–Ω—Å–µ—Ä–≤"
"02/02/2016","Food","-7.9","–ø–∞–π–∫–∞"
"02/02/2016","Food","-8.8","—Ç–≤–æ—Ä–æ–≥ –∏ —Å—ã—Ä"
"02/01/2016","Food","-22.1","–ï–∂–∞"
"01/31/2016","Med","-33.0","–ø—Ä–æ—Å—Ç –º–∞—Å—Å–∞–∂–µ—Ä, –≤–∞–∫—É—É–º –ø–æ–º–ø"
"01/31/2016","Clothes","-47.5","—Ç—Ä—É—Å—ã, —à–µ–≤—Ä–æ–Ω fox, –∫–∞–º–æ –º–∞–π–∫–∞, –º–∞—Å–∫–∞ —Å–ø–∞–Ω–¥–µ–∫—Å"
"01/31/2016","Future Company","-12.5","–ì–ª–∞–∑–∫–∏ –¥–ª—è –∫–∞–º–Ω–µ–π, –∫–æ–º–ø–æ—Å—Ç–µ—Ä –∑–≤—ë–∑–¥–æ—á–∫–∞"
"01/31/2016","Work","-25.0","–∫–æ—à–µ–ª—ë–∫ –¥–ª—è –º–æ–±–∏–ª—ã —Å–∏–Ω–∏–π –∏ –ø—Ä–æ—Ç–∏–≤–æ–≥–∞–∑ —Å –¥–≤–æ–π–Ω—ã–º–∏ –∫–∞—Ä—Ç—Ä–∏–¥–∂–∞–º–∏ –Ω–∞ –µ–±–∞–π"
"01/30/2016","Income","680.0","–ó—Ä–ø–ª—Ç–∫ –∑–∞ –î–µ–∫–∞–±—Ä—å üòê"
"01/30/2016","Income","6.0","–°—ç–∫–æ–Ω–æ–º–∏–ª –∑–¥–µ–ª–∞–≤ —â—ë—Ç–∫—É –¥–ª—è —Å–ø–∏–Ω—ã –∏–∑ —Å–ø–∏–∑–¥–∂–µ–Ω–Ω—ã—Ö —â—ë—Ç–∫–∏ –∏ –∫—É—Å–∫–∞ –º–µ—Ç–∞–ª–æ–ø–ª–∞—Å—Ç —Ç—Ä—É–±—ã. –í–º–µ—Å—Ç–æ —Ç–æ–π –∑–∞ $2,65 , —á—Ç–æ —Å–æ–±–∏—Ä–∞–ª—Å—è –∫—É–ø–∏—Ç—å –Ω–∞ –ê–ª–∏ üòé"
"01/29/2016","Food","-21.0","–≤–∫—É—Å–Ω—è—à–∫–∏"
"01/27/2016","Consumables","-22.5","–ø—Ä–æ–µ–∑–¥–Ω–æ–π –∑–∞ –§–µ–≤—Ä–∞–ª—å"
"01/27/2016","Food","-2.9","–ø–∞–π–∫–∞"
"01/27/2016","Food","-2.5","–∫–≤–∞—Å –∏ –ª—É–∫ –æ—Ç –ø—Ä–æ—Å—Ç—É–¥—ã"
"01/27/2016","Food","-1.0","–º–∏–Ω–µ—Ä–∞–ª–∫–∞"
"01/27/2016","Food","-13.8","–ø–∞–π–∫–∞"
"01/25/2016","Food","-22.4","–ø–∞–π–∫–∞"
"01/24/2016","Bills","-15.0","–Ω–∞ —Ç–µ–ª–µ—Ñ–æ–Ω –∏ –∏–Ω—Ç–µ—Ä–Ω–µ—Ç"
"01/22/2016","Food","-7.3","2 —Ç—É—à–Ω—è–∫–∞ –∏ —ç–∫–ª–µ—Ä—ã"
"01/20/2016","Food","-2.2","—ç–∫–ª–µ—Ä—ã"
"01/19/2016","Food","-5.2","–ø–∞–π–∫–∞ –∏ –ª–∏–º–æ–Ω—á–∏–∫"
"01/19/2016","Food","-15.0","–∫–æ–ø—á —Ä—ã–±–∫ –∏ –¥—Ä."
"01/17/2016","Bills","-194.0","–¢–∞—Ç—å—è–Ω–µ –∑–∞ –§–µ–≤—Ä–∞–ª—å"
"01/17/2016","Food","-14.8","–ø–∞–π–∫–∞"
"01/16/2016","Clothes","-8.0","–¥–≤–∞ —à–∞—Ä—Ñ–∞ —Ñ–ª–∏—Å–æ–≤—ã—Ö"
"01/15/2016","Food","-24.0","–ø–∞–π–∫–∞ –Ω–∞ –∫–∞–∑–∏–Ω—Ü–∞"
"01/14/2016","Food","-8.6","–ø–∞–π–∫–∞"
"01/14/2016","Work","-4.7","–©—ë—Ç–∫–∞ –∏ –∫–∏—Å—Ç—å"
"01/10/2016","Clothes","-11.5","–º–∞–π–∫–∞ –±–æ—Ä–¥–æ V –≤—ã—Ä–µ–∑ "
"01/09/2016","Food","-12.6","–ø–∞–π–∫–∞"
"01/09/2016","Consumables","-3.5","–±–µ—Ä—É—à–∏"
"01/09/2016","Clothes","-10.0","–ø–ª–∞–≤–∫–∏"
"01/08/2016","Food","-28.4","–ø–∞–π–∫–∞"
"01/06/2016","Food","-1.2","–°–Ω–∏–∫–µ—Ä—Å"
"01/06/2016","Consumables","-5.4","–®–∞–º–ø—É–Ω—å Head and Shoulders Old Spice"
"01/06/2016","Consumables","-7.5","–°–ø—Ä–µ–π –¥–ª—è —Ä–∞—Å—Ç—è–∂–∫–∏ –æ–±—É–≤–∏ –∏ –≤–æ–¥–æ—Å—Ç–æ–ø."
"01/06/2016","Clothes","-16.7","–î–≤–µ –ø–∞—Ä—ã —á—ë—Ä–Ω—ã—Ö —Ç—Ä—É—Å–æ–≤ MF"
"01/04/2016","Food","-6.3","–ø–∞–π–∫–∞"
"01/04/2016","Food","-3.8","–∫–∞–ª–±–∞—Å–∫–∞"
"01/04/2016","Consumables","-1.9","Dove –º—ã–ª–æ"
"01/03/2016","Food","-12.3","–ü–∞–π–∫–∞"
"01/03/2016","Clothes","-15.0","–¢–∞–ø–æ—á–∫–∏ –Ω–∞ –µ–±–∞–π"
"01/02/2016","Bills","-10.0","–ó–∞ –≥–∞–∑ –∑–∞–∫–∏–Ω—É–ª —á–µ—Ä–µ–∑ e-pay, –Ω–∞ –º–æ—ë–º —Å—á–µ—Ç—É –±—ã–ª–æ -21000 —á–µ–∫ –∑–∞—Å–∫—Ä–∏–Ω—à–æ—Ç–∏–ª."
"01/02/2016","Future Company","-3.5","–õ–∞–∑–µ—Ä–Ω–∞—è —É–∫–∞–∑–∫–∞"
"12/31/2015","Med","-17.0","–ú–∞—Å–ª–æ –æ—Ç –º–µ—à–∫–æ–≤ –ø–æ–¥ –≥–ª–∞–∑–∞–º–∏"
